Name,Volume,Ask Size,Ask Price,Bid Size,Bid Price,Last Price,Shares Matched,Shares Routed
MSTU,8011095,13800,2.26,3600,2.25,2.24,7965423,45672
DRAM,6812460,41,65.05,3,64.92,65.03,6698538,113922
SNDQ,4006370,12100,3.03,5800,3.02,3.04,3981359,25011
SNXX,3475669,900,23.80,10,23.75,23.76,3378963,96706
SPCH,2971812,50,13.10,703,13.07,13.09,2945295,26517
SSPC,2889940,975,11.67,700,11.63,11.72,2871296,18644
BMNU,2773711,100,0.94,100,0.92,0.94,2760232,13479
MSTZ,2171480,700,10.60,750,10.54,10.61,2144580,26900
IGV,2123077,100,95.00,100,94.79,94.98,2108675,14402
CBRG,2062180,1787,4.40,1302,4.38,4.39,2053913,8267
IREZ,1537805,800,7.73,26,7.69,7.73,1534373,3432
BTCZ,1400357,2100,5.49,2100,5.48,5.45,1397557,2800
BITX,1135386,11000,12.41,18300,12.37,12.43,1133743,1643
RAM,880750,800,19.36,228,19.34,19.32,872313,8437
FLOT,872548,98,50.99,98,50.95,50.96,870162,2386
FBTC,850679,6800,56.06,7400,55.97,55.93,824830,25849
FLBL,814760,500,23.42,1,22.82,22.86,813668,1092
CCUP,797229,4913,1.81,6383,1.78,1.80,796079,1150
ETHU,790308,8000,15.16,11600,15.12,15.14,790028,280
IEFA,770524,9,100.00,2,97.25,98.31,747730,22794
ARKG,605886,2,44.00,1,43.50,43.51,602035,3851
SPCQ,593610,734,15.26,1200,15.18,15.34,589806,3804
UVXY,590648,200,23.84,2,23.68,23.77,581010,9638
ARKK,566057,1,83.60,260,83.00,83.50,560250,5807
SNDU,558633,900,38.06,800,37.79,37.79,555983,2650
INDA,555087,100,49.90,2,49.76,49.89,549500,5587
VXX,532964,1,21.53,1,21.42,21.44,517514,15450
GOVT,502652,3,22.87,20,22.65,22.69,502311,341
MAGS,502258,320,66.50,100,66.22,66.25,495642,6616
AAOX,500341,1000,21.62,1270,21.45,21.55,499451,890
USHY,457651,67,36.96,70,36.92,36.96,451771,5880
MTUM,436470,5,324.50,1,321.00,321.79,436378,92
ASTX,427105,500,22.55,300,22.47,22.50,423338,3767
WDCX,413981,300,33.70,1003,33.50,33.59,413981,0
CRWU,398858,1900,4.49,1200,4.48,4.43,391429,7429
ASTN,366854,1100,4.58,1600,4.54,4.56,366554,300
USMV,344048,1,98.15,4,97.54,97.89,342929,1119
ARKB,342265,18100,21.36,19500,21.34,21.28,326910,15355
FETH,314899,23200,18.17,28000,18.13,18.19,300182,14717
CBOE,308228,5,249.77,102,242.00,245.00,305863,2365
SPCG,307466,500,19.64,504,19.53,19.66,307066,400
SPAL,302008,500,21.92,600,21.80,21.73,301908,100
ITB,288165,1,103.30,2,100.50,101.26,288065,100
SNK,273833,500,19.26,500,19.17,19.19,270548,3285
NVDX,271837,500,16.19,503,16.15,16.16,269158,2679
NVDQ,269997,1400,12.49,1500,12.47,12.48,260520,9477
TTDU,267644,3100,3.06,3400,3.04,3.06,267644,0
TSLZ,248364,2500,10.35,1905,10.33,10.35,247817,547
ITA,244608,2,251.00,22,249.50,250.78,244593,15
NBIZ,238300,800,10.50,5500,10.17,10.35,238271,29
SPYI,233739,821,53.50,808,53.46,53.48,232758,981
TSLT,222852,1300,19.54,1313,19.49,19.51,222315,537
AXTX,217736,400,10.73,2439,10.53,10.68,190995,26741
HODL,216421,24000,18.22,24000,18.19,18.20,210544,5877
NOBL,213192,100,61.40,2,56.50,57.32,211027,2165
LITX,206182,800,24.74,600,24.56,24.67,205310,872
BOXX,193726,1356,117.26,625,117.24,117.24,181244,12482
IREX,191437,1200,21.59,1200,21.23,21.45,190837,600
VUSB,177623,50,49.72,24,49.64,49.66,168153,9470
LUNL,176738,900,7.69,2100,7.57,7.62,176738,0
SMU,169293,1100,7.81,10,7.79,7.78,169110,183
SVIX,167629,2,24.57,1,24.45,24.51,167529,100
VIXY,163125,1,20.80,20,20.60,20.65,153446,9679
NEBX,162724,800,33.51,4,33.30,33.31,162504,220
UVIX,156930,930,59.00,9,58.11,58.20,154814,2116
VLUE,155210,100,207.74,4,192.98,194.00,154255,955
KMEM,153398,985,22.76,10,22.25,22.70,153049,349
SPCU,149798,500,17.61,600,17.44,17.50,149798,0
ONDL,148587,1600,7.86,1500,7.77,7.90,148236,351
QBTX,148152,900,13.37,400,13.29,13.31,148052,100
IDV,146565,100,45.07,100,41.90,42.11,145043,1522
BEZ,145601,1768,11.38,1500,11.22,11.26,145001,600
CORD,144690,1970,6.73,1006,6.70,6.73,143138,1552
IYZ,140769,17,43.09,185,40.91,41.23,140422,347
AAOG,135825,100,4.82,7200,4.79,4.84,132173,3652
EFV,135756,100,84.35,250,78.00,78.47,132456,3300
PAVE,133783,100,58.20,100,57.40,57.83,126973,6810
BBJP,133636,41,80.21,5,74.00,77.01,132439,1197
BTCW,133197,3600,68.29,3500,67.77,67.99,131385,1812
CRCD,127821,1200,5.65,835,5.57,5.69,125385,2436
ICVT,123778,100,133.01,100,105.31,118.19,123778,0
BEX,123249,1000,55.85,775,55.41,55.52,122383,866
EUV,122670,211,28.20,23,27.20,27.21,115762,6908
CRDU,117423,300,89.13,1,88.35,88.36,117423,0
APLX,116888,200,16.59,500,16.44,16.50,104006,12882
AAAU,109252,3,41.10,1,41.00,41.05,108552,700
BTCI,105952,1647,29.00,41,28.58,28.75,105952,0
DFIS,104922,100,41.77,100,30.51,35.98,104837,85
QUAL,100502,100,232.68,12,215.45,218.49,95103,5399
ARKX,100287,200,34.10,297,33.90,34.09,100287,0
HEEM,100219,100,58.80,100,33.98,43.92,99919,300
WULX,95801,700,37.88,300,36.90,37.50,93693,2108
IAGG,95544,100,53.80,100,46.97,50.11,93544,2000
MOAT,95251,11,106.40,4,106.12,106.12,95000,251
SNDG,94272,5694,15.00,100,14.84,14.85,94272,0
EZU,90920,70,70.28,100,62.82,69.88,90920,0
MLPI,89247,1,55.90,10,54.75,54.76,89109,138
DFIC,85935,100,44.13,100,17.79,37.99,84926,1009
SPCM,84927,900,22.16,1000,22.04,21.94,83627,1300
LVHI,81882,46,41.18,70,40.86,41.08,77028,4854
FLHY,79933,50,24.35,100,22.70,24.22,75216,4717
RDWU,77709,1300,8.55,500,8.39,8.41,76681,1028
TETH,77393,72000,9.13,72000,9.05,8.94,73868,3525
CIEG,77167,100,7.43,200,7.35,7.39,77167,0
IWMI,76975,2,53.80,8,53.18,53.43,76803,172
TLTW,74504,5000,22.08,2,22.07,22.06,74504,0
CWVX,72778,5,19.50,300,19.41,19.39,71412,1366
MSTW,72317,1200,3.95,900,3.78,3.85,72317,0
VTEC,71571,100,107.31,2,100.29,100.44,50467,21104
ICSH,69953,657,50.45,37,50.44,50.44,67533,2420
SVXY,69325,2,58.18,500,57.85,58.07,68524,801
COWZ,67855,353,64.08,1,63.12,63.71,66967,888
ROBN,67447,600,41.56,391,41.17,41.14,67447,0
PICK,66025,50,58.68,50,58.30,58.50,64892,1133
WYFL,64289,30,27.48,100,18.00,24.73,64289,0
DJTU,63357,107,1.22,766,1.17,1.21,63257,100
COHX,57011,1075,40.36,100,39.93,40.30,57011,0
EOSU,56218,320,16.96,200,16.81,16.81,56218,0
HYD,55242,100,55.13,100,48.11,51.55,54592,650
SLVP,54535,55,32.50,5,32.10,32.22,32645,21890
SPCL,53621,531,39.55,400,39.21,39.26,52921,700
CLSX,51764,1408,17.98,400,17.63,17.57,51241,523
IYT,51348,3,89.00,5,86.86,87.40,51348,0
AXTL,50211,1500,4.21,1500,4.02,4.18,50211,0
EFG,49592,100,139.54,100,110.63,125.10,48910,682
GEVX,47119,400,27.54,800,27.40,27.44,47119,0
ARKF,46939,15,42.37,1,40.28,42.37,46836,103
DIHP,45823,100,40.13,100,29.04,34.48,42568,3255
CLSE,44626,100,39.00,6,33.18,33.48,43457,1169
REM,44424,100,23.80,100,20.17,22.19,44420,4
RDVI,42198,100,33.55,1,29.07,29.17,42098,100
FOTO,41770,96,21.10,22,20.90,21.00,41769,1
VCRM,41232,100,101.21,100,60.27,76.25,41232,0
HIMU,41032,100,78.33,100,45.76,49.64,40832,200
INFH,40236,400,9.26,600,9.14,9.10,38941,1295
QUBX,39922,1100,10.20,500,9.86,10.03,38423,1499
QDTE,39757,1000,30.48,1000,30.41,30.42,37444,2313
DRAL,39534,1100,16.51,1100,16.31,16.30,39534,0
ZAUG,39006,100,50.60,100,10.68,27.55,39006,0
PAYM,38477,100,46.70,100,9.99,25.41,7520,30957
NVTX,38471,2,34.87,400,34.50,34.69,38348,123
EEMV,37725,8,75.00,100,65.85,74.42,37725,0
IAUI,36736,50,50.75,22,49.92,50.00,36736,0
KNG,36222,1,53.20,20,51.03,51.35,36136,86
AMAU,36129,5340,23.76,977,23.61,23.61,36129,0
DISV,36035,100,45.68,10,41.11,41.29,35735,300
XNDX,35928,2900,12.65,1700,11.97,12.15,35223,705
ECH,35446,1,43.00,100,36.30,39.66,35446,0
NVII,34770,25,23.65,1,23.27,23.46,34770,0
IBX,34548,400,33.47,742,33.23,33.43,34547,1
GLXU,33871,1100,8.01,1200,7.70,7.53,33871,0
DDSQ,33740,1588,21.70,100,8.30,21.13,33740,0
BBCA,33369,100,112.47,100,92.00,100.24,33369,0
COZX,33072,400,17.93,500,16.84,17.37,33072,0
HYDB,32846,100,49.83,100,42.71,46.62,32846,0
LITZ,32409,500,21.21,3892,20.88,21.08,31317,1092
VNM,32238,14,18.35,200,18.17,18.19,32138,100
EFAV,30871,100,99.94,12,89.24,89.28,29337,1534
DDNQ,30202,100,37.75,100,7.97,20.58,30202,0
DDTZ,30157,100,30.80,100,9.07,19.45,30157,0
BALI,29381,10,33.90,10,33.70,33.81,29381,0
EZBC,29309,12100,37.36,12100,37.08,36.82,28708,601
MSFX,29039,800,15.73,800,15.71,15.71,29039,0
DDFL,28679,100,39.06,100,8.24,21.27,25997,2682
COIW,28348,700,9.69,800,9.48,9.47,28348,0
EUAD,28137,25,45.40,100,45.00,45.30,28137,0
FBCG,27965,9,62.50,4,59.00,61.79,25965,2000
CBRZ,27679,1,21.89,1936,21.59,22.08,27679,0
BUFR,26611,100,39.10,100,17.20,36.67,26611,0
HUMN,26500,1,35.53,3,35.29,35.47,26500,0
CALF,26342,20,51.99,100,47.98,51.71,26342,0
AEMS,26337,99,2.40,17,2.34,2.40,26337,0
GVAL,25829,100,42.56,3,36.08,36.64,25829,0
HEFA,25122,100,54.51,100,40.13,46.80,25122,0
GARP,24055,100,87.93,4,80.27,81.25,24054,1
AXTU,23974,800,5.80,1000,5.72,5.84,23352,622
BBAX,23627,100,68.04,100,53.56,60.58,23627,0
SBTU,23399,1300,2.17,1300,2.11,2.13,23399,0
IYRI,23251,75,50.00,1,49.18,49.43,23251,0
DDFZ,22800,2510,20.30,100,9.07,19.45,22800,0
SMIN,22557,5,71.98,100,70.85,71.07,22557,0
WTAI,22391,100,51.36,100,37.97,44.51,22391,0
CIFU,22016,500,26.36,2750,25.38,25.33,22016,0
TEUP,21961,604,13.40,6195,13.12,13.01,21961,0
EO,21100,100,32.78,415,16.73,17.26,21100,0
UJUN,21036,3650,42.80,100,15.18,38.64,21036,0
GCOW,20858,1,44.84,100,39.38,44.01,20700,158
ARKW,20679,17,150.71,1,146.28,150.05,20679,0
HOOW,20532,1,34.36,200,33.50,34.18,20532,0
NFLU,20492,500,18.66,500,18.57,18.62,20492,0
FRDM,20240,2,72.00,160,70.50,71.09,20240,0
VSGX,19891,100,89.22,100,73.03,82.57,19744,147
KGLD,19851,100,35.52,1,27.20,27.28,19778,73
BKGI,19835,100,47.23,100,20.84,44.45,19835,0
BBEU,19605,100,88.50,100,69.68,78.75,19605,0
FCPI,19545,100,70.51,100,40.51,54.40,19545,0
EMGF,19286,100,81.16,100,63.90,72.11,19286,0
GDE,19127,100,73.15,80,58.00,63.56,19127,0
OPEX,19006,6413,21.27,1688,20.98,21.11,19006,0
BALT,18218,100,39.98,150,34.22,34.35,18218,0
FLDR,18047,3000,50.31,100,44.18,50.16,18047,0
JELM,17992,100,46.34,100,9.79,25.25,17992,0
VELL,17808,100,8.68,500,8.37,8.34,17808,0
RSBT,17697,100,29.31,5,18.50,19.15,17697,0
IGLD,17666,10,21.45,1194,21.20,21.28,17580,86
ONDU,17609,900,4.79,1100,4.75,4.71,17609,0
WQTM,17598,1,36.80,2,36.03,36.72,17598,0
POEL,17505,400,15.73,6611,15.34,15.49,17505,0
SHYM,17211,100,24.08,100,20.68,22.41,17211,0
SMUP,16569,1700,6.10,800,6.07,6.11,16569,0
SDVD,16063,100,36.95,100,21.60,23.23,16063,0
AEHG,15925,1100,7.88,1100,7.37,7.37,15925,0
DIVB,15834,3,63.80,1,63.00,63.33,15834,0
ICF,15763,96,69.00,100,62.87,67.99,15763,0
VCHY,15443,100,99.90,500,75.15,75.22,15443,0
UCTX,15292,100,21.56,10,17.00,17.51,15228,64
IFRA,15196,100,67.56,40,61.50,62.12,15195,1
OVL,15131,100,61.62,3,56.70,56.99,15131,0
ARKQ,14997,5,131.50,5,130.15,130.11,14997,0
LRCU,14968,900,71.25,1000,70.27,71.12,14968,0
PBUS,14895,100,80.28,1,75.14,75.36,14895,0
ARMW,14572,1,67.00,30,62.00,62.96,14572,0
PLU,14415,400,20.04,14,19.52,19.39,14415,0
IBHG,14350,180,23.52,45,21.80,22.00,14350,0
XRPM,14167,100,16.66,1,11.00,11.01,14167,0
PJUN,14043,100,46.12,100,20.32,43.40,14043,0
COHH,14022,500,10.08,500,9.99,10.02,14022,0
TAIL,14018,100,12.51,100,9.00,10.60,14018,0
JBBB,13952,140,47.41,380,47.34,47.35,13952,0
RBLU,13783,1000,9.84,600,9.70,9.70,13783,0
SPDF,13782,100,50.54,100,10.76,27.56,13782,0
ACIO,13661,100,54.01,100,43.38,46.48,13661,0
XRPR,13482,25000,9.53,25000,9.42,9.38,12101,1381
VTEI,13190,1,101.36,1,98.90,100.86,13190,0
KTUP,13182,100,7.49,100,7.37,7.37,13182,0
AMPU,12943,1200,4.97,4300,4.80,4.90,12343,600
CEGX,12856,500,11.50,2300,11.42,11.38,11656,1200
IBHF,12830,100,24.00,100,22.50,22.58,12830,0
XDTE,12795,1000,39.20,1000,39.15,39.16,12795,0
IBMS,12622,150,27.69,310,24.47,25.90,6982,5640
RSST,12620,100,35.46,100,30.72,32.87,12620,0
CSEX,12591,5066,17.39,871,17.08,17.13,12591,0
CBRX,12472,3066,12.99,2453,12.80,12.67,12472,0
FLYT,12443,1100,9.84,100,9.56,9.62,12443,0
LNOK,12339,100,57.58,300,56.72,57.36,12339,0
VSDM,12152,100,101.54,310,73.43,76.49,12152,0
OILK,12138,2,48.00,2,46.00,47.15,12138,0
APRW,12006,100,49.90,100,21.61,37.17,11206,800
RSBY,11976,9,18.92,7,15.10,18.17,11976,0
FFSM,11789,100,40.50,100,34.86,37.32,11789,0
TDAQ,11664,434,28.35,90,27.75,27.81,11664,0
SSK,11579,20000,11.29,20000,11.16,11.08,11579,0
BUFE,11578,100,39.07,100,8.25,21.29,11578,0
PATX,11049,600,9.49,600,8.98,9.15,11049,0
FYLD,10776,100,42.33,100,17.59,37.13,10776,0
TEMT,10756,700,26.84,600,26.55,26.87,10456,300
CBTJ,10700,100,21.91,100,10.25,17.88,10700,0
BBUS,10570,100,144.25,100,126.94,135.47,10570,0
NEAR,10555,100,50.80,100,50.46,50.55,10555,0
MAGX,10408,5,54.18,100,53.70,53.86,10408,0
FLQM,10343,100,66.36,100,55.26,59.03,10343,0
VFMO,10159,66,246.00,100,221.48,237.90,10159,0
VEGN,10085,100,145.46,100,31.20,79.14,10062,23
IBHH,10045,500,23.60,340,22.14,23.46,10045,0
LITU,9981,300,15.62,300,15.39,15.51,9981,0
NFLW,9957,1300,17.81,1,17.30,17.37,9957,0
EMHY,9943,100,43.21,10,40.40,40.59,9765,178
MUNY,9821,100,113.51,100,94.54,103.89,9821,0
TOPW,9782,20,35.50,3,34.41,34.61,9674,108
QTUP,9769,100,38.04,100,8.03,20.70,9759,10
PJUL,9725,100,56.97,100,44.20,48.97,8825,900
BUYW,9723,100,15.44,1,14.45,14.48,9423,300
RSIT,9506,100,31.62,10,19.69,20.74,9506,0
STXL,9486,843,38.43,600,37.86,38.52,9480,6
TSLW,9347,1,23.68,500,23.07,23.53,9347,0
TMFC,9330,600,80.00,1,76.20,77.30,9329,1
LABX,9142,200,174.57,180,172.84,173.80,8942,200
BUFD,9058,100,47.37,100,14.12,29.81,8858,200
QBQV,9000,100,49.17,100,10.37,26.74,9000,0
IEO,8972,2700,112.07,100,101.94,109.78,8972,0
ESGV,8952,100,141.70,100,124.56,133.10,8952,0
YBTC,8900,100,19.17,5,17.30,17.78,8859,41
TSII,8719,600,17.50,600,17.23,17.22,8719,0
VUSG,8676,30,80.00,100,46.50,64.08,8676,0
VGHY,8669,100,99.14,700,74.54,74.73,8669,0
QNTU,8627,362,26.52,300,25.80,25.90,8627,0
AMDC,8598,50,28.98,100,19.98,25.67,8598,0
ASTY,8572,600,12.41,400,12.26,12.37,8572,0
CATG,8555,4100,15.58,10709,15.40,15.56,8555,0
ITM,8526,100,52.92,100,41.08,46.90,8526,0
ETU,8515,200,4.02,100,3.98,4.03,8126,389
VTEL,8505,1,107.00,50,102.40,104.71,8505,0
SVAL,8371,100,56.11,30,41.65,41.80,8158,213
ACWV,8330,4,122.85,100,108.03,122.17,8230,100
MSMR,8327,100,64.97,100,13.71,35.34,6985,1342
BBAG,8322,100,48.64,100,42.80,45.72,8322,0
GMEU,8275,400,8.80,183,8.71,8.78,8275,0
MEAR,8142,100,53.51,100,50.23,50.29,8142,0
ICLO,8102,1000,25.66,40,25.59,25.60,8102,0
NJUN,8043,100,59.86,100,17.55,32.62,8043,0
ICOW,7996,100,49.40,100,39.33,42.52,7697,299
VIXM,7973,1,14.44,50,14.20,14.26,7288,685
HFSI,7863,100,37.82,100,32.63,35.15,7563,300
NVDW,7830,600,35.00,1,34.32,34.32,7724,106
SPIN,7804,100,59.38,4,29.72,32.35,7804,0
ZALT,7798,100,36.14,55,33.75,33.97,7798,0
STXU,7764,7400,14.57,15,14.33,14.48,7764,0
FFLC,7753,100,94.23,15,49.00,59.16,7753,0
CRMX,7712,5900,11.62,1900,11.25,11.19,7712,0
CEFS,7673,100,26.00,35,25.43,25.52,7669,4
RDTE,7662,1000,29.44,1000,29.37,29.33,7609,53
IGE,7558,100,60.93,100,52.13,56.39,7558,0
GTOC,7446,100,46.02,100,9.72,25.06,7446,0
GOVZ,7347,100,51.00,600,35.70,35.95,7347,0
FOMG,7338,900,8.11,900,7.47,7.78,7338,0
MLN,7257,100,19.12,2,17.20,17.78,7257,0
PLTW,7253,1,19.35,1300,19.10,19.23,7253,0
INTL,7210,2000,31.83,10,27.24,30.81,7210,0
AMKL,7190,500,16.86,500,16.30,16.29,7190,0
KMAY,7155,100,55.89,100,11.79,30.36,7155,0
RSSB,7154,100,41.02,1,30.40,31.00,7026,128
GDMN,7122,5,79.40,30,70.11,77.60,7122,0
ONX,7115,500,12.22,500,11.83,11.88,7115,0
ONG,7103,44,7.75,700,7.46,7.66,7103,0
SYLD,7096,100,90.04,100,70.89,80.12,7096,0
BBHY,7071,100,48.89,100,43.07,45.98,7071,0
GVI,6986,100,118.88,100,93.60,105.89,6986,0
IBHI,6971,100,24.83,340,22.01,23.34,6971,0
KYLD,6958,100,29.19,25,22.65,22.70,6958,0
BUFQ,6936,100,45.30,100,26.67,39.08,6936,0
DDWM,6866,100,50.46,100,32.87,46.91,6866,0
RGTU,6853,500,16.76,600,16.49,16.44,6511,342
FYEE,6818,100,32.51,100,27.34,29.18,6818,0
TJUL,6754,100,55.60,100,11.94,30.27,6754,0
MARS,6714,8,31.60,1,30.60,31.09,6714,0
APLZ,6687,500,23.21,500,22.57,22.91,6687,0
GSST,6603,498,50.47,100,44.44,50.43,6603,0
KSLV,6587,100,29.75,2,26.40,26.40,6587,0
UMAL,6558,559,14.77,400,13.48,14.68,6558,0
LEUX,6552,10,13.49,1800,13.05,13.32,6552,0
HYBL,6504,35,28.15,1,27.34,27.90,6504,0
DDFS,6439,100,40.47,5,21.81,22.03,6439,0
BTCO,6414,10800,64.25,7600,63.81,63.38,6414,0
NULV,6410,100,54.21,100,46.59,50.92,6410,0
ENOR,6352,150,33.50,670,32.25,32.30,6352,0
HEGD,6306,100,35.55,100,18.94,26.81,6306,0
FLQL,6256,100,83.08,100,72.15,77.63,6256,0
OMFL,6251,100,73.59,100,64.64,69.13,6251,0
XSHD,6217,201,14.40,100,10.02,14.14,6216,1
FGRU,6176,900,13.40,400,12.97,13.27,6176,0
EMMY,6127,100,45.34,100,9.59,24.35,6127,0
SNDC,6112,40,13.00,30,12.00,12.91,6109,3
FPAG,6084,100,64.38,100,19.14,40.89,6084,0
VCEB,6050,100,70.25,100,55.40,62.59,5978,72
EZET,5958,32000,13.88,18000,13.78,13.57,5421,537
IMFL,5903,100,40.03,100,16.32,34.42,5903,0
FFLG,5876,100,35.87,100,28.46,33.75,5769,107
FHEQ,5851,100,53.00,100,22.57,33.28,5851,0
NIHI,5825,5,52.73,55,51.00,52.27,5788,37
JANW,5766,100,52.05,100,22.53,38.77,5766,0
STXX,5711,800,47.96,800,46.88,47.67,5711,0
AMDW,5700,300,108.50,300,106.50,106.66,5691,9
HONG,5685,250,16.00,663,15.06,15.70,5685,0
FSEP,5657,100,62.14,100,51.78,55.33,5558,99
IGEB,5654,100,50.86,100,39.84,44.96,5654,0
LQID,5529,100,38.33,2,25.04,25.05,5529,0
BHYB,5487,100,71.78,100,38.01,54.03,5487,0
ISPY,5473,2,49.00,100,43.13,48.18,5473,0
SPCI,5445,100,43.05,25,27.67,29.51,5445,0
SMMD,5431,100,98.16,100,84.74,90.98,5431,0
PSH,5396,814,50.95,10,49.80,49.98,5396,0
BJUN,5368,100,66.60,100,37.79,48.88,5368,0
PTLC,5355,100,62.32,100,54.89,58.60,5331,24
IVVW,5350,72,45.50,3,44.00,44.46,5350,0
NEHI,5314,100,34.58,1,25.55,26.18,5314,0
CNYA,5282,2,37.14,4,36.64,36.97,5281,1
USAX,5256,500,15.63,500,15.32,15.32,5256,0
YETH,5236,100,10.44,20,8.30,8.55,5236,0
TDVI,5235,100,38.30,1,30.59,31.34,5235,0
LASC,5200,100,44.25,138,22.01,24.64,3600,1600
CEMB,5156,100,51.44,100,39.77,45.51,5156,0
FPFD,5109,3,21.89,100,16.10,21.45,5109,0
SPBW,5079,100,52.78,100,20.25,28.79,5079,0
UJUL,5039,100,54.01,100,15.81,40.82,5039,0
CVAR,5014,100,53.55,100,11.30,29.12,5014,0
IBHJ,4952,150,28.19,300,24.91,26.45,4952,0
FRNW,4913,100,30.23,100,15.40,24.10,4913,0
PSEP,4909,100,58.05,100,34.85,46.18,4909,0
RSSY,4879,100,38.96,1,25.36,25.51,4198,681
TUSI,4806,100,26.89,320,23.91,25.29,4644,162
NUMG,4758,100,62.35,100,36.69,47.48,4758,0
SIMX,4717,100,37.97,100,18.03,23.67,4717,0
VFMF,4713,100,191.17,300,175.33,178.30,4713,0
JULW,4700,100,54.79,100,23.74,40.89,4700,0
XBOX,4688,510,103.07,10,100.09,100.55,888,3800
DFNL,4676,100,80.72,100,23.91,51.11,4440,236
TMFG,4657,100,39.29,100,12.34,31.28,4657,0
RBUF,4633,100,57.18,100,12.06,31.13,4633,0
BTCL,4584,500,12.76,500,12.70,12.81,4584,0
JOBX,4572,42,18.22,600,18.05,18.12,4572,0
PTMC,4543,100,55.56,100,16.34,41.40,4543,0
SMZ,4514,3,24.60,1,24.04,24.48,4514,0
ETHV,4500,17000,26.75,17000,26.52,26.17,4500,0
HFGO,4486,100,37.00,100,21.95,29.29,4486,0
GDXW,4360,100,38.80,1,37.71,38.12,4360,0
UX,4290,100,36.89,100,19.38,28.48,4290,0
CBXJ,4230,100,30.57,100,11.76,20.13,4230,0
KHPI,4223,100,27.58,100,24.26,25.96,4223,0
GSWO,4185,100,75.58,100,29.97,64.01,1686,2499
ADIU,4179,700,12.52,1,11.88,12.07,4179,0
UPSX,4115,1430,21.67,1325,21.28,21.69,4115,0
IBMP,4108,160,27.14,320,23.98,25.39,4108,0
HPEL,4072,700,11.92,700,11.42,11.61,4072,0
IBMT,4049,100,33.74,40,22.85,25.79,4049,0
SNOU,4024,500,43.73,600,43.16,43.39,4024,0
MAGY,4018,260,43.50,3,42.78,42.90,4018,0
GOOX,4017,1,85.30,766,84.91,85.30,4017,0
WMTI,3993,100,27.56,2,21.25,21.30,3993,0
MAXJ,3963,100,53.61,100,11.48,29.20,3963,0
NJUL,3951,100,99.39,100,59.32,76.78,3951,0
SYSB,3949,100,117.17,310,85.32,88.34,3949,0
NULG,3937,100,124.88,100,107.09,115.48,3937,0
VXZ,3928,270,55.00,44,49.66,50.18,3928,0
IYJ,3880,100,179.37,100,155.51,167.51,3880,0
TOXR,3859,100,11.44,100,11.18,11.18,1959,1900
ASUP,3849,500,15.58,500,15.39,15.49,3849,0
ZNOV,3779,100,29.12,100,11.06,27.51,3779,0
ABUF,3760,100,49.84,100,10.52,27.11,3760,0
OSCV,3711,100,53.23,100,31.63,42.10,3711,0
ESML,3698,100,58.99,100,51.50,55.03,3698,0
PMAY,3685,100,44.15,100,19.44,41.48,3685,0
QSOL,3635,100,8.44,100,8.25,8.23,1135,2500
IQDG,3606,100,51.18,100,37.50,43.95,3606,0
VGMS,3578,100,67.37,310,48.05,51.22,3578,0
VSDB,3552,100,80.90,310,72.97,76.12,3388,164
DDLS,3518,100,60.45,100,26.15,45.08,3518,0
SMB,3518,100,22.38,60,17.20,17.32,3518,0
FLIA,3480,100,27.14,100,16.54,20.45,3480,0
PBAP,3464,100,57.04,100,12.04,30.98,3464,0
CAOS,3459,100,96.20,25,87.94,90.34,3459,0
PFEB,3457,100,46.03,100,20.45,43.19,3457,0
PBJN,3396,100,37.97,100,11.99,30.88,3396,0
NVIT,3393,100,64.12,25,46.48,47.37,3393,0
HBMX,3377,1,27.45,10,26.42,26.48,3377,0
OCTT,3377,100,62.81,100,27.18,46.81,3377,0
HYGW,3367,100,30.91,100,26.86,28.96,3167,200
BBIN,3361,100,89.04,100,70.10,79.29,3361,0
CTEF,3358,100,141.70,3,90.59,92.39,3358,0
BMAR,3345,100,106.09,100,22.38,57.77,3345,0
WDAI,3342,100,42.58,100,16.17,27.88,3342,0
SPBU,3323,100,55.57,100,11.73,30.31,3323,0
DDFD,3317,100,36.75,100,7.75,20.00,3317,0
MAMB,3238,100,44.14,100,9.32,24.07,3238,0
EWUS,3235,100,57.53,100,24.86,42.96,3235,0
DRMP,3216,100,34.81,1,26.78,27.92,3216,0
HYIN,3205,1,18.00,100,11.03,14.24,2933,272
TMFM,3203,100,29.40,100,8.77,22.30,3203,0
SCEC,3183,100,33.07,310,21.85,24.91,3183,0
MPWX,3168,400,16.86,1100,15.45,16.52,3168,0
IBMU,3160,100,38.86,310,22.40,25.47,3160,0
NUSC,3148,100,54.92,100,47.42,51.61,3148,0
GOOW,3141,2,69.73,1,68.90,69.23,3141,0
QJUN,3138,100,42.11,100,24.95,33.42,3138,0
IGRO,3137,100,100.79,100,79.35,89.83,3137,0
RSBA,3119,100,38.66,25,19.33,21.10,3119,0
SFTY,3116,100,32.49,100,23.84,30.87,3116,0
JUCY,3113,100,22.13,100,16.96,22.03,3113,0
PBMR,3087,100,59.06,100,12.52,32.06,3087,0
IBMR,3083,160,27.12,320,23.97,25.37,3083,0
JANT,3057,100,59.31,100,25.66,44.24,3057,0
BMAY,3035,100,58.43,100,18.43,47.58,3035,0
IZRL,3028,491,32.34,15,30.00,31.50,3028,0
APRT,3027,100,70.37,100,26.72,46.03,3027,0
PBOC,2995,100,56.42,100,11.91,30.62,2995,0
PBDE,2970,100,56.93,100,12.02,30.93,2970,0
TDAX,2964,100,32.15,20,24.80,25.00,2626,338
DQJN,2961,100,53.36,100,11.26,29.09,2961,0
CBOX,2946,100,133.85,50,100.00,100.83,2946,0
PBJL,2946,100,38.44,100,12.36,31.24,2946,0
PBFB,2933,100,58.72,100,12.40,31.89,2933,0
UNHW,2927,200,54.77,25,52.55,53.31,2927,0
KJUL,2925,100,41.77,100,13.40,33.90,2925,0
IYLD,2914,53,22.39,100,16.28,22.15,2914,0
YSEP,2910,100,50.91,100,15.44,27.71,2910,0
SATO,2909,100,25.43,100,9.66,16.69,2909,0
MBCE,2903,100,73.51,100,15.56,39.85,2903,0
TSEP,2875,100,47.70,100,10.13,25.96,2875,0
FDEV,2869,100,48.54,2,35.45,36.12,2869,0
TYA,2866,100,16.78,100,7.52,12.74,2866,0
XEMD,2862,100,52.19,39,44.82,44.81,2862,0
MSFW,2841,100,31.97,500,25.40,25.48,2841,0
MPRO,2830,100,60.28,100,29.43,32.87,2830,0
PSFF,2827,100,40.01,100,16.12,34.37,2827,0
IBMQ,2825,160,27.30,310,24.13,25.55,2825,0
CBXO,2815,100,33.73,100,12.91,22.04,2815,0
QHY,2807,100,70.24,100,26.67,45.96,2807,0
NELS,2804,100,52.89,100,11.16,28.85,2804,0
ZDEK,2794,100,48.59,100,10.26,26.45,2794,0
GOLY,2782,100,27.81,100,23.91,26.08,2782,0
GSEW,2770,100,102.00,100,88.31,95.50,2770,0
BUFG,2751,100,36.07,100,11.40,29.44,2682,69
AMZO,2744,800,17.28,1,16.90,17.26,2744,0
EUVX,2721,1000,23.70,1022,20.00,20.20,2721,0
FUSD,2704,100,29.78,100,20.66,25.11,2704,0
ZECP,2694,100,50.96,100,14.71,37.97,2694,0
SMDV,2669,100,99.80,100,56.34,76.92,2669,0
PBP,2666,11,23.90,100,17.68,22.99,2666,0
EPRF,2626,100,30.64,30,16.62,16.69,2626,0
ZJUL,2621,100,36.81,100,11.62,30.01,2621,0
SHYD,2609,100,25.44,100,19.50,22.83,2609,0
DLAG,2600,100,60.83,100,30.08,33.11,2600,0
SECT,2595,100,80.59,100,63.45,71.66,2305,290
JULT,2508,100,64.37,100,27.84,47.96,2508,0
AESR,2484,100,37.46,100,7.91,20.35,2484,0
PBSE,2474,100,56.82,100,11.99,30.84,2474,0
ARCX,2472,500,13.76,400,13.47,13.58,2472,0
PBNV,2469,100,57.01,100,12.04,30.96,2469,0
LQDW,2467,100,29.58,211,23.80,23.83,2467,0
DOJE,2466,5600,7.30,5600,7.19,7.12,2466,0
BJUL,2463,100,69.33,200,54.39,54.56,2463,0
DJAN,2459,100,61.26,100,17.68,45.65,2459,0
PBMY,2454,100,57.37,100,12.11,31.15,2454,0
PJAN,2454,100,57.81,100,46.54,49.66,2454,0
TSEG,2452,900,8.39,100,3.16,8.08,2452,0
PBAU,2428,100,57.84,100,12.42,31.39,2428,0
PMJN,2427,100,49.02,100,10.34,26.74,2427,0
WDNA,2415,100,39.07,100,13.57,21.18,2415,0
TLTP,2382,21,22.97,1,20.60,20.76,2382,0
XJH,2382,100,67.14,100,37.90,51.83,2382,0
SNOV,2370,100,49.83,100,10.51,27.12,2370,0
PBJA,2367,100,59.43,100,12.54,32.26,2367,0
EDEN,2352,100,147.00,2,95.00,114.45,2352,0
GMAY,2349,100,47.26,100,38.94,43.17,2349,0
PRNT,2348,2,25.18,100,15.50,24.61,2348,0
OVF,2345,100,58.94,1,31.00,32.11,2345,0
SECU,2345,310,52.63,310,46.63,49.73,2197,148
XMAR,2341,100,78.64,100,16.59,42.78,2341,0
STLU,2326,4000,23.49,4000,22.76,22.53,2326,0
ITWO,2317,100,85.12,1,46.00,46.52,2317,0
FCLD,2302,100,50.22,100,19.77,38.95,2116,186
CRDX,2298,100,9.90,100,9.60,9.56,2298,0
EYLD,2291,3,48.18,100,39.38,46.90,2291,0
LKOR,2283,100,54.74,100,29.99,41.59,2283,0
GOP,2252,15,44.50,1,44.00,44.27,2252,0
GOOP,2223,100,55.12,1,40.96,41.36,2223,0
IBHL,2222,100,34.75,100,17.34,25.42,2222,0
ZVOL,2205,60,8.45,100,6.44,8.40,2008,197
PAYR,2203,100,99.53,25,51.15,54.14,2203,0
FDEM,2197,83,36.87,100,32.10,36.31,2197,0
WDRN,2185,100,37.70,10,29.50,29.79,2185,0
QSPT,2147,100,46.62,100,13.46,34.72,2147,0
IETC,2142,1,108.00,5,104.26,105.93,2142,0
NODE,2129,100,64.88,100,36.00,42.17,2129,0
DDV,2101,100,46.64,10,23.67,25.41,2101,0
KOCT,2100,100,50.22,100,14.51,37.43,2100,0
FFOG,2083,100,80.11,100,23.57,50.29,2083,0
DDTL,2076,100,40.46,100,16.28,22.04,2076,0
XSHQ,2067,100,60.49,100,36.62,48.36,2067,0
RACK,2024,26,54.17,5,48.00,49.13,2024,0
GHYG,2012,100,60.09,100,32.54,45.15,2012,0
CPNX,2010,72,19.36,100,14.12,19.36,2010,0
DMAX,2002,100,50.32,100,10.62,27.38,1302,700
JANH,2002,100,45.53,100,9.61,24.78,2002,0
DDFA,2000,100,32.19,100,9.48,20.19,2000,0
EMJN,2000,100,42.40,100,8.95,22.83,2000,0
RSSX,1997,100,24.72,100,24.16,24.32,1997,0
FDRV,1994,100,35.56,100,7.69,19.35,1994,0
BUFT,1989,100,47.60,100,10.05,25.91,1989,0
PSFJ,1959,100,64.50,100,13.61,35.24,1959,0
PIT,1958,100,106.69,100,61.28,67.25,1958,0
TTMX,1947,300,15.79,300,14.84,15.40,1947,0
MIG,1939,100,32.54,310,18.23,21.30,1939,0
PDEC,1928,100,61.81,100,34.54,46.07,1928,0
TLTX,1875,1,24.81,10,22.43,22.48,1875,0
SCMC,1866,100,38.28,100,14.54,25.00,1866,0
SEIM,1864,100,87.14,100,50.16,54.40,1864,0
LCAP,1863,100,61.40,100,12.96,33.45,1863,0
KRWX,1861,100,33.07,460,17.57,17.86,1858,3
DUSA,1845,100,63.97,100,53.36,56.97,1845,0
MIC,1842,100,20.04,100,11.76,16.33,1842,0
SEIV,1832,100,55.88,60,47.03,48.06,1832,0
JAJL,1826,100,36.97,100,20.55,29.98,1826,0
UPSD,1800,100,43.94,100,16.69,28.78,1800,0
BBRE,1793,100,121.67,100,95.79,108.37,1793,0
HTUS,1763,100,59.21,1,37.44,44.12,1763,0
XOVL,1758,200,23.80,12592,23.08,23.65,1758,0
KWT,1753,317,36.90,3,35.00,36.69,1753,0
PMAR,1730,100,55.76,100,22.67,47.98,1730,0
TEST,1729,100,67.37,100,26.47,45.54,1729,0
EALT,1726,100,54.96,100,20.88,35.98,1726,0
SPYH,1716,100,85.75,1,54.91,56.04,1716,0
RTRE,1649,100,45.65,310,21.82,24.89,1649,0
NANC,1615,27,51.00,1,50.60,50.67,1615,0
PAAU,1608,100,14.78,100,8.86,11.68,1608,0
AVRY,1603,100,45.80,100,9.67,24.92,1603,0
PAWZ,1603,1,48.99,100,18.91,48.65,1603,0
STOT,1574,100,54.60,100,41.55,46.90,1574,0
AAPX,1569,60,36.78,1300,36.68,36.67,1569,0
PSDM,1565,79,54.49,160,48.15,50.96,1565,0
URAN,1557,100,55.12,1,38.19,38.60,1557,0
DIVN,1549,100,54.10,100,11.42,29.47,1549,0
CQTM,1525,5,31.30,391,29.75,29.53,1492,33
IDUB,1523,100,50.76,100,10.69,27.72,1523,0
AFIF,1518,100,11.56,30,9.35,9.41,1518,0
VFVA,1512,100,194.60,3,148.50,151.11,1512,0
IDJN,1500,100,45.75,100,9.65,25.12,1500,0
NUMV,1469,100,54.04,100,17.30,44.06,1469,0
FMAY,1461,100,63.32,100,52.79,56.42,1461,0
XISE,1453,100,55.77,100,11.77,30.34,1453,0
REGL,1452,100,103.30,100,81.33,92.18,1396,56
QCAP,1450,100,45.64,100,9.63,24.89,1450,0
OCTW,1445,100,47.77,100,28.86,41.03,1445,0
EUHY,1427,102,54.56,100,38.29,53.77,1427,0
VDV,1418,100,141.20,225,73.00,76.97,1418,0
DOCT,1407,100,62.84,100,18.14,46.79,1407,0
EAOM,1406,100,57.37,100,22.17,31.29,1406,0
TRPA,1406,100,59.51,100,28.57,38.87,1406,0
AVGW,1403,302,39.80,3,38.50,39.03,1403,0
APHU,1402,300,28.30,300,27.27,27.57,1402,0
DDFF,1363,100,36.68,100,7.75,19.99,1363,0
FFEB,1322,100,68.75,100,57.27,61.21,1322,0
VDIG,1292,100,116.97,100,46.50,63.60,1291,1
GROZ,1290,100,58.76,100,12.40,32.05,1290,0
JUDB,1286,100,47.60,100,10.05,25.93,1286,0
DEFR,1280,100,34.98,100,19.56,26.74,1280,0
GLDW,1280,21,43.15,1,42.37,42.54,1280,0
QDEC,1258,100,43.53,100,14.02,35.51,1258,0
DRGN,1254,1,36.29,193,34.27,36.00,1254,0
BDEC,1247,100,65.61,100,41.30,53.40,1247,0
QETH,1241,24000,18.20,14000,18.08,17.81,1241,0
DUBS,1233,100,63.92,100,24.28,41.84,1233,0
NULC,1218,100,99.73,100,21.04,54.33,1218,0
EVUS,1217,100,47.28,100,13.92,35.58,1177,40
NJAN,1216,100,76.21,100,43.03,58.89,1216,0
FAPR,1206,100,50.06,100,43.93,46.90,1206,0
PBFR,1205,100,56.35,100,11.89,30.71,1205,0
GSEP,1200,100,64.63,100,38.46,41.07,1200,0
GTIP,1196,100,62.48,100,35.34,48.30,1196,0
DURA,1193,100,50.29,100,14.54,37.52,1193,0
XMPT,1183,100,22.34,100,22.18,22.27,1183,0
DMAY,1180,100,57.99,100,32.50,47.28,1180,0
KCOP,1164,5,23.02,15,22.50,22.74,1164,0
OVT,1159,20,25.23,430,21.78,21.84,1159,0
JUNM,1151,100,64.47,100,13.61,35.11,1151,0
NXPG,1150,100,17.82,1,11.30,11.68,1150,0
QMMY,1138,100,48.32,100,10.25,26.30,1038,100
BUFF,1135,100,59.31,100,46.70,52.84,1135,0
UMAR,1130,100,56.25,100,16.50,42.35,1130,0
ZFEB,1120,100,47.79,100,10.09,26.02,1120,0
OBND,1117,100,39.29,310,22.65,25.68,1117,0
TMFE,1110,100,55.10,100,11.79,29.96,1110,0
ETNG,1109,100,17.97,20,13.00,13.81,1109,0
FBUF,1102,100,59.69,100,12.60,32.50,1102,0
GDEC,1101,100,73.32,100,15.47,39.92,1101,0
DOGG,1099,100,28.17,100,16.57,21.57,872,227
DMAR,1098,100,55.05,100,17.37,44.87,1098,0
LOHA,1094,2,25.95,7,25.00,25.52,1094,0
BJAN,1091,100,76.58,100,43.23,59.14,1091,0
BAMD,1087,100,61.09,100,12.89,33.29,1087,0
ONTX,1085,100,40.10,100,8.66,21.88,1085,0
MAYW,1083,100,48.87,100,16.56,34.88,1083,0
TLTI,1070,100,56.71,100,34.49,45.33,1070,0
FMAG,1056,100,44.67,100,27.43,36.42,1056,0
TSOL,1055,30000,8.07,30000,8.01,7.92,1055,0
PNOV,1049,100,47.49,100,20.85,44.51,1049,0
TOLL,1045,100,75.32,100,16.07,41.04,1045,0
TSLP,1039,100,24.48,1,18.16,18.94,1039,0
POCT,1037,100,54.20,100,41.72,46.59,1037,0
DRSK,1021,100,40.35,100,19.55,28.79,1021,0
DJUN,1002,100,60.62,100,38.20,49.44,1002,0
NMAR,1002,100,59.03,100,12.46,32.08,703,299
LAPR,1001,100,46.45,100,9.81,25.26,1001,0
TENJ,1001,100,50.93,100,10.75,27.76,1001,0
FOCT,990,100,64.41,100,38.42,52.58,990,0
MBBA,989,100,91.06,310,46.49,49.76,989,0
TDV,981,100,124.39,100,77.06,100.55,981,0
PBTP,973,1,26.80,100,17.54,25.66,973,0
VAMO,968,100,65.85,100,27.73,35.89,968,0
ZJAN,966,100,51.48,100,10.86,28.03,966,0
AQLT,963,100,58.06,71,27.85,31.63,963,0
XIDE,951,100,55.40,100,11.80,30.31,951,0
YJUN,950,100,33.25,100,10.48,27.06,950,0
BUFZ,947,100,29.77,100,19.49,27.97,947,0
KJUN,945,100,36.57,100,23.05,29.82,945,0
ISVL,944,100,82.12,100,24.20,51.65,944,0
FJUN,940,100,94.87,100,53.23,60.15,940,0
CSTK,936,100,60.53,100,12.78,33.01,936,0
BFEB,933,100,68.40,100,38.62,52.75,933,0
QSIG,931,100,74.07,310,45.38,48.38,931,0
GSID,926,100,85.85,100,67.59,76.18,926,0
EAOA,905,100,83.14,3,33.33,45.31,905,0
BILT,902,100,52.12,50,28.00,28.40,902,0
QFHD,900,100,49.42,100,10.43,26.90,900,0
TEMX,900,100,69.45,100,14.76,38.00,900,0
TMAR,900,100,47.40,100,10.00,25.79,900,0
HCRB,895,100,45.81,100,25.62,34.99,895,0
IWMW,894,320,44.00,10,37.00,39.53,764,130
RMBX,893,300,18.65,300,17.52,17.79,893,0
VDG,884,100,149.91,2,79.99,81.73,884,0
EAOR,882,100,50.59,100,14.79,37.73,882,0
ADFI,871,100,15.59,100,4.31,8.49,871,0
IBMO,865,5,26.89,40,24.45,25.61,865,0
ATMP,852,100,63.40,100,13.38,34.86,852,0
METW,848,100,32.75,22,25.71,26.07,848,0
FNG,835,1037,9.64,100,4.24,8.93,835,0
PIEQ,832,150,36.48,100,16.90,36.14,669,163
HYHG,825,126,65.50,93,63.97,64.71,825,0
FJUL,824,100,77.34,100,43.67,59.72,824,0
SIXO,816,100,41.83,100,25.26,35.93,816,0
MYLD,815,310,35.02,100,29.03,32.12,815,0
EFNL,812,100,53.30,100,30.75,52.91,812,0
BBSC,811,100,167.95,100,66.85,91.27,811,0
JELH,809,100,46.19,100,19.22,25.24,809,0
RSEE,801,100,52.96,100,15.31,39.51,801,0
NERD,800,15,21.10,100,12.06,20.85,800,0
IROC,797,100,78.52,310,48.30,51.32,797,0
SMTG,796,900,10.05,901,8.50,8.96,796,0
OCTB,795,100,50.09,100,10.57,27.32,795,0
FDEC,785,100,61.17,100,48.34,54.68,785,0
BAUG,781,220,54.00,100,20.84,53.99,781,0
IBHK,781,310,28.60,40,25.12,25.67,781,0
RDFI,781,1000,23.88,310,20.63,23.67,781,0
DDTA,775,100,37.59,100,7.93,20.45,775,0
VFMV,758,100,224.97,100,127.11,141.08,758,0
SCEP,756,100,26.56,100,23.32,24.88,756,0
PAYH,755,100,46.28,100,9.77,25.24,755,0
GMOM,722,100,48.06,100,24.29,35.75,722,0
QLC,721,6,92.00,100,84.34,90.54,721,0
DDX,718,10,25.66,100,9.89,25.25,718,0
WLDR,707,100,60.94,100,17.69,45.50,707,0
BAGY,706,100,34.64,100,13.16,22.80,706,0
SHDG,705,100,60.28,100,12.72,32.89,705,0
TMAT,703,100,55.14,100,11.70,30.15,703,0
ACMM,701,10,26.35,18,18.00,23.08,701,0
NAPR,701,100,108.68,100,22.93,59.18,701,0
QBSF,700,100,49.55,100,10.46,27.05,700,0
QTJL,700,100,76.52,100,16.15,41.79,700,0
CPSL,699,100,51.42,1,27.50,28.01,512,187
FMAR,697,100,58.96,100,46.42,52.47,697,0
DFEB,694,100,92.98,100,19.62,50.67,694,0
OMFS,692,100,69.16,100,41.27,53.33,692,0
SEIQ,684,100,54.08,100,23.19,40.28,684,0
AAAA,682,100,55.97,100,11.81,30.43,682,0
TMFX,680,30,25.00,300,22.60,23.42,680,0
UJAN,675,100,60.79,100,17.62,45.47,675,0
NVBT,656,100,53.33,100,15.47,39.74,656,0
SUIL,656,200,7.27,200,7.05,6.89,656,0
MAGA,652,100,103.70,100,22.30,56.66,652,0
XSHP,646,100,25.72,111,19.50,20.03,646,0
LOCT,644,100,43.90,100,9.27,23.88,644,0
IGHG,642,100,143.63,310,75.10,78.24,642,0
COSW,640,16,41.66,1,39.58,40.71,640,0
MAGC,640,3,18.45,100,13.18,18.12,640,0
AFRU,639,100,14.64,100,14.48,14.65,439,200
XJR,638,100,80.02,100,30.39,52.12,638,0
NPFE,636,100,50.64,100,10.90,27.58,636,0
SIXJ,633,100,49.14,100,21.39,36.62,633,0
FFF,625,16,28.00,100,9.85,25.14,625,0
USMF,614,100,67.98,100,39.06,53.34,614,0
BBCB,608,100,69.05,310,42.13,45.13,608,0
CBTL,608,100,26.80,100,10.34,17.67,608,0
PAUG,608,250,45.80,100,17.81,45.73,608,0
UDEC,604,100,56.14,100,16.43,41.84,604,0
LEAD,603,100,161.41,2,51.01,87.90,603,0
MAYT,593,100,53.43,100,18.36,39.10,593,0
DWLD,591,100,87.17,100,18.54,47.60,591,0
MPLY,591,100,41.39,100,23.25,32.05,591,0
NURE,590,100,60.01,100,12.66,32.62,590,0
XSEP,586,100,81.67,100,17.29,44.47,586,0
XVV,582,100,61.00,100,53.56,57.35,582,0
WZRD,580,46,2.88,100,1.07,2.52,580,0
DLMY,573,100,47.68,100,14.05,30.03,573,0
QBER,569,100,32.58,100,13.25,23.75,475,94
PCS,568,100,66.11,310,46.93,49.97,568,0
STOX,563,100,57.08,100,12.05,31.06,563,0
BINV,561,100,68.02,100,36.14,42.97,561,0
WEED,557,100,26.65,100,12.40,19.77,557,0
ACSV,552,100,91.14,100,19.22,50.29,552,0
SELV,543,100,60.76,100,12.82,33.09,543,0
NUDM,541,100,47.11,100,37.95,40.55,541,0
SMOT,535,100,53.00,100,27.81,39.45,535,0
PLGI,534,100,45.01,100,9.50,24.46,534,0
JULP,531,100,60.15,100,12.69,32.78,531,0
GSUS,530,1,104.67,100,97.20,103.79,530,0
ETTY,527,100,12.05,100,5.08,7.93,527,0
DECP,524,100,59.93,100,12.65,32.63,524,0
COPA,522,10,49.60,1,47.97,48.85,522,0
FLQS,505,100,66.19,100,19.40,49.12,505,0
BSMC,504,100,72.61,100,15.32,39.63,504,0
DFAL,503,100,92.72,100,19.56,50.56,503,0
QBF,501,100,27.85,100,5.88,15.16,101,400
QMY,501,100,47.37,100,9.99,25.83,501,0
XBOC,501,100,65.42,100,13.82,35.60,501,0
BCHP,485,100,67.98,100,14.34,36.97,485,0
NDEC,483,100,55.05,100,11.61,29.96,483,0
SOLM,481,100,13.84,1,9.09,9.15,481,0
RKTL,480,700,12.92,400,12.44,13.01,480,0
KAMO,477,100,30.22,310,21.64,24.61,477,0
XA,476,100,70.56,100,14.88,38.23,476,0
WEEK,474,103,100.14,300,100.04,100.08,474,0
AAPW,467,1409,41.00,1,39.82,40.66,467,0
NOCT,467,100,80.87,100,45.65,62.42,467,0
ACVU,459,100,57.67,100,12.17,31.41,459,0
CEFZ,459,100,10.57,500,8.10,8.27,459,0
ONEZ,452,100,44.12,100,13.13,27.71,452,0
PCL,450,100,91.02,100,19.20,49.66,351,99
SIXZ,450,100,50.37,100,14.86,31.61,450,0
SMMV,447,10,49.80,100,18.02,46.46,447,0
DAUG,445,100,63.02,100,27.29,46.97,445,0
ONEH,440,100,45.27,100,9.55,24.51,440,0
DRNL,439,500,8.60,100,5.86,7.77,439,0
IG,435,100,31.45,1,20.41,20.56,435,0
JUDO,430,100,50.87,100,10.74,27.64,430,0
SCLZ,429,100,85.76,1,55.30,56.19,429,0
BUFS,427,100,46.08,100,19.43,25.05,427,0
BUFP,424,100,59.02,100,12.45,32.18,424,0
GOGL,423,100,51.43,364,27.46,28.43,423,0
ASTG,421,300,17.47,300,16.65,17.63,421,0
IQM,419,100,210.58,7,111.65,114.66,419,0
RPHS,412,100,16.15,100,3.41,8.71,412,0
JANB,411,100,50.16,100,21.15,27.37,411,0
EFAD,410,100,58.34,100,16.88,43.62,410,0
BUSA,405,100,73.65,100,27.00,40.10,405,0
KEEX,404,6,78.63,10,76.25,76.42,404,0
SEPW,402,100,53.32,100,15.88,33.47,402,0
ZMAY,402,100,47.77,100,19.95,26.05,402,0
JUNW,401,100,54.29,100,32.24,34.44,401,0
MSTC,401,100,62.48,100,13.40,33.77,401,0
JANI,400,100,47.70,100,10.06,25.97,400,0
WUGI,394,100,166.58,100,35.14,90.91,394,0
UOCT,390,100,55.43,100,15.99,41.26,390,0
FFEM,384,100,79.60,100,33.58,43.32,384,0
GAA,373,100,45.81,100,24.45,34.57,373,0
GASZ,373,100,46.20,100,9.75,24.13,373,0
DAPR,372,100,55.05,100,15.88,41.05,372,0
PAPR,372,100,48.14,100,36.97,42.33,372,0
AMZW,371,300,37.52,13,36.62,36.63,371,0
FBCV,368,100,74.13,100,15.64,40.45,368,0
QBSV,368,100,49.02,100,26.50,26.73,368,0
ABFL,365,100,92.45,100,75.88,84.06,365,0
IDVZ,365,100,42.61,100,26.01,34.50,365,0
CIEX,358,300,19.77,100,7.43,19.25,358,0
SHAG,357,100,72.54,100,34.35,47.37,357,0
NFLP,352,100,26.95,100,7.42,18.86,352,0
BBEM,346,100,123.99,100,36.85,78.10,346,0
LENS,346,100,72.43,100,15.28,39.48,346,0
LQDI,344,100,40.14,20,23.96,26.22,344,0
MDEV,344,100,21.40,100,11.47,19.81,344,0
CSM,342,5,87.07,100,62.87,86.16,342,0
VUSV,341,100,127.00,100,46.50,69.19,341,0
PONX,334,1700,3.28,400,3.18,3.20,334,0
MSFY,332,2,17.50,5,16.87,17.04,332,0
NUDV,332,100,60.69,100,12.89,33.11,332,0
WLDU,331,31,19.17,583,17.13,17.59,331,0
GTOH,328,500,28.49,100,17.43,25.53,328,0
GJUL,325,100,79.98,100,32.04,43.60,325,0
GJUN,325,100,65.68,100,19.45,41.31,325,0
BCCC,324,100,14.63,1,11.14,11.91,324,0
BUFB,324,100,52.87,100,15.26,39.37,324,0
PEX,324,100,28.17,50,17.64,22.33,324,0
EVLU,316,100,51.27,100,15.85,41.06,316,0
MCHU,316,300,19.92,300,18.85,19.27,316,0
BEGS,315,100,14.30,100,13.97,13.93,315,0
CHNU,315,100,15.49,100,15.06,14.90,315,0
TMFS,314,100,36.80,100,14.23,36.46,314,0
UMAY,314,100,47.53,3,38.01,38.10,314,0
ZJUN,312,1100,28.60,100,10.86,27.46,312,0
EHY,307,100,10.97,100,5.51,7.20,307,0
EUIG,305,500,50.58,500,50.18,50.34,305,0
CTMA,304,100,46.68,100,9.86,25.41,304,0
AQEC,303,100,45.54,100,9.61,24.79,303,0
MCOW,303,100,39.48,100,8.34,21.50,303,0
MFUT,303,100,34.04,500,18.48,18.62,303,0
MVFG,302,100,64.23,100,13.55,34.95,302,0
XIGV,302,100,45.20,100,9.54,24.63,302,0
OVM,301,100,40.09,310,18.80,21.84,301,0
PCI,301,100,79.52,100,43.91,51.87,301,0
JANJ,300,100,45.43,100,9.59,24.77,300,0
QTOC,300,100,69.67,100,14.70,37.90,300,0
BRLN,297,100,62.21,510,47.53,50.59,297,0
BEMB,294,100,66.54,100,40.31,53.29,294,0
ZOCT,291,1000,28.01,100,10.79,27.67,291,0
DDEC,283,100,63.76,100,18.41,47.50,283,0
EZPZ,281,100,16.29,100,15.94,15.96,281,0
QCOC,281,100,43.91,100,9.27,23.88,281,0
FAUG,279,100,69.59,100,41.44,56.68,279,0
APOC,277,100,48.32,100,10.20,26.31,277,0
NUEM,277,100,56.06,100,31.21,41.77,277,0
IVVM,276,100,68.17,100,14.57,37.11,276,0
BBMC,275,1,128.41,100,112.27,127.02,275,0
QMNV,275,100,45.98,100,9.71,25.06,100,175
JOUL,272,100,46.52,1,24.90,25.31,272,0
EMTL,269,100,57.20,100,30.64,42.59,269,0
UBEW,268,10,28.00,100,21.16,27.31,268,0
MBND,266,100,50.13,310,24.32,27.24,266,0
ADME,265,100,72.36,100,40.85,55.91,265,0
BOCT,264,100,69.01,100,38.96,53.24,264,0
BITY,256,100,38.57,1,25.58,26.28,256,0
UFEB,256,100,51.96,100,15.02,38.77,256,0
ESGG,254,100,428.13,100,90.29,232.77,254,0
ARWG,253,100,48.30,100,10.20,26.20,253,0
ZMAR,253,100,36.67,100,10.96,28.29,253,0
BGLD,252,200,16.66,1,16.52,16.57,252,0
MSSS,251,100,67.03,100,14.14,36.48,251,0
FEBM,250,100,57.40,100,12.11,31.17,250,0
MTSG,246,800,10.20,100,3.94,9.95,146,100
TILT,244,100,309.20,100,245.85,277.34,244,0
XDIV,244,100,40.42,17,30.25,30.67,244,0
GOCT,243,100,76.45,100,16.13,41.69,243,0
TLDR,243,160,26.74,320,23.65,25.03,243,0
OVS,241,100,56.80,100,30.14,42.19,241,0
SEPU,240,100,57.25,100,12.08,31.20,240,0
MBBB,234,100,32.60,310,18.26,21.28,234,0
QMAR,231,100,49.88,100,14.40,37.13,231,0
DDFY,229,100,31.98,100,9.44,20.08,229,0
OVB,229,100,37.52,310,17.47,20.43,229,0
YDEC,229,100,50.89,100,10.74,27.78,229,0
UAUG,225,100,56.53,100,16.34,42.16,225,0
SMAX,224,100,51.29,100,11.05,27.92,224,0
DJUL,218,100,92.21,100,19.46,50.23,218,0
MCHG,218,500,11.41,500,10.79,11.23,218,0
PSAI,215,400,28.47,100,16.25,27.84,215,0
CIFC,213,100,32.90,100,7.15,17.98,213,0
GHTA,213,100,56.44,100,11.91,30.73,213,0
NXPX,213,100,23.64,100,13.06,17.50,213,0
BREW,210,100,49.83,100,19.38,28.25,210,0
DECT,210,100,52.83,100,15.26,39.47,210,0
PSFD,210,100,53.66,100,15.48,40.00,210,0
XDSQ,210,100,57.99,100,17.01,43.23,210,0
BUFY,209,100,43.25,100,9.13,23.60,209,0
GEMD,207,100,64.75,100,24.59,42.31,207,0
XJUN,206,100,59.75,100,34.38,44.50,206,0
XIMR,204,100,57.58,100,12.40,31.52,204,0
UMCX,203,100,43.73,434,23.04,23.77,203,0
AUGW,202,100,45.50,100,24.30,34.09,202,0
BZZ,201,100,47.05,100,9.98,25.98,201,0
JNEU,201,200,36.33,100,12.87,33.11,201,0
KEYG,201,500,12.23,700,11.11,11.69,201,0
OVLH,201,100,56.31,100,16.25,41.91,201,0
PSMR,201,100,59.21,100,12.50,32.25,201,0
ZAPR,201,100,48.98,200,26.10,26.72,201,0
AUGZ,200,100,83.61,100,17.64,45.45,200,0
EDGE,200,100,92.10,100,19.43,50.04,200,0
MAYM,200,100,50.42,100,19.15,32.96,200,0
OCDB,200,100,47.41,100,10.01,25.83,200,0
APDB,197,100,47.34,100,9.99,25.75,197,0
AAPY,192,100,48.70,100,18.07,26.47,184,8
XJUL,189,100,74.84,100,16.08,40.74,189,0
JULJ,186,100,45.45,100,9.59,24.78,186,0
GMAR,183,100,81.40,100,17.61,44.37,183,0
IBHM,182,100,46.55,100,9.87,25.34,182,0
CBXA,181,100,32.37,100,12.30,21.16,181,0
FOWF,177,100,63.87,100,13.47,34.51,177,0
MSFC,166,100,54.20,515,29.12,29.35,166,0
MSST,165,100,42.88,100,14.97,23.64,165,0
FNOV,164,100,72.12,100,42.90,58.70,164,0
BESF,161,100,70.00,4,25.00,38.06,161,0
CRDD,161,10,14.98,100,14.71,14.68,161,0
XUSP,156,100,97.20,100,20.50,52.79,156,0
PCPP,153,100,47.84,20,25.52,26.81,153,0
BLDG,146,100,36.93,100,19.19,27.10,146,0
ABLS,145,100,43.76,5,18.25,23.89,145,0
KAPR,145,100,53.47,100,15.44,39.78,145,0
TFJL,145,100,35.42,100,12.66,19.23,145,0
TYLD,143,100,34.64,100,18.98,25.29,143,0
FPRO,138,100,45.79,100,9.66,24.98,138,0
JULI,138,100,46.17,100,9.75,25.20,138,0
EUDV,137,15,53.72,100,20.71,53.47,137,0
IEDI,134,100,71.05,4,54.00,54.89,134,0
VFQY,133,100,214.66,20,168.00,171.40,133,0
MSTB,132,100,57.15,100,30.20,43.02,132,0
BSEP,130,100,68.58,100,20.51,52.95,130,0
EYES,126,100,50.20,100,10.59,27.15,126,0
BNDY,121,160,26.87,320,23.74,25.09,121,0
GAPR,121,100,76.70,100,16.19,41.83,121,0
IBMW,121,100,38.75,310,22.29,25.32,121,0
FDND,120,100,32.60,100,12.39,21.43,120,0
HALX,120,100,45.87,3,23.33,25.58,120,0
GFEB,119,100,81.03,100,17.09,44.16,119,0
LCOW,119,100,47.33,100,9.99,25.79,119,0
BBIB,115,100,149.24,310,94.45,97.52,115,0
AV,113,100,54.35,100,11.47,29.63,113,0
JULH,112,100,45.65,100,9.64,24.90,112,0
MOTI,112,100,45.97,100,24.80,34.29,112,0
SIXD,111,100,49.24,100,14.67,30.92,111,0
ASTT,110,100,66.49,223,35.05,35.83,110,0
HYGM,110,100,37.76,100,14.45,24.72,110,0
FB,108,100,58.37,48,40.00,44.48,108,0
MDPL,108,100,47.78,100,10.09,25.99,108,0
GNOV,107,100,76.93,100,16.23,41.94,107,0
LBO,107,100,45.27,100,16.58,24.71,107,0
SCOW,107,100,40.40,100,8.53,22.00,107,0
BAPR,106,100,98.08,100,20.69,53.41,106,0
BRKW,106,100,50.22,1,39.50,40.13,106,0
IPAV,105,100,58.98,100,12.44,32.15,105,0
TSEU,105,500,17.97,100,6.82,17.99,105,0
CTIF,104,100,79.88,100,30.33,52.07,104,0
IDMY,104,100,46.15,100,9.75,25.35,104,0
MVFD,104,3,29.91,100,11.55,29.77,104,0
BUFH,103,190,22.89,370,20.22,21.40,103,0
COMD,103,100,47.82,100,10.11,26.08,103,0
DSEP,103,100,63.90,100,18.46,47.62,103,0
ISBG,103,100,21.49,1,11.42,11.81,103,0
CGOV,102,100,34.39,100,17.12,25.07,102,0
FLXN,102,100,38.22,310,21.93,25.00,102,0
MART,102,100,77.24,100,16.30,42.03,102,0
PWS,102,100,60.35,100,12.74,32.86,2,100
UNX,102,500,50.38,500,48.43,50.50,102,0
XDQQ,102,100,53.82,100,15.54,40.18,35,67
XLFX,102,100,53.83,3,27.00,29.56,102,0
CBXY,101,249,22.04,100,12.87,22.00,101,0
CMAY,101,100,46.79,100,9.98,24.85,101,0
FFLV,101,100,51.31,100,10.83,28.00,101,0
GDMA,101,100,53.90,100,16.58,41.89,101,0
JULC,101,100,46.24,100,9.76,25.30,101,0
LATR,101,100,51.02,100,10.77,28.02,101,0
MILK,101,100,45.14,310,21.53,24.56,101,0
MINN,101,100,41.20,1100,22.39,22.44,101,0
QQJN,101,100,45.47,100,9.60,24.80,101,0
SCNM,101,100,33.35,100,17.82,25.13,101,0
SCSB,101,310,27.87,310,21.87,24.88,101,0
SMCC,101,100,41.46,411,22.34,23.90,101,0
TEND,101,100,43.55,100,12.93,27.37,101,0
XIJN,101,100,56.27,100,11.88,30.68,101,0
XNOV,101,100,48.74,100,15.40,39.65,101,0
AAPR,100,100,54.21,100,11.44,29.57,100,0
APPC,100,100,65.19,100,13.96,34.36,100,0
APRZ,100,100,73.53,100,15.51,39.93,100,0
BNOV,100,1209,49.99,100,18.59,47.97,100,0
CIVG,100,100,34.38,100,17.11,25.08,100,0
COIX,100,100,63.43,291,34.33,34.97,100,0
CUST,100,100,34.43,100,17.14,25.07,100,0
FBX,100,100,55.43,340,29.39,29.49,100,0
FLXI,100,100,75.37,310,46.23,49.26,100,0
JANP,100,100,63.99,100,13.51,34.86,100,0
PVEX,100,100,56.31,100,11.89,30.72,100,0
QFRD,100,100,52.03,100,10.98,28.38,100,0
QMFE,100,100,37.06,100,14.08,24.24,100,0
SQMX,100,100,62.85,100,13.27,34.27,100,0
TESC,100,100,55.56,273,29.90,30.33,100,0
TWSC,100,100,49.86,100,10.52,27.26,100,0
XTJL,100,100,55.25,100,15.95,41.17,100,0
AMZP,98,100,34.30,4,25.00,26.99,98,0
SCJL,98,100,46.02,100,9.72,25.03,98,0
QBQF,96,100,47.49,100,10.03,25.88,96,0
SNPG,93,100,109.58,100,23.66,59.74,93,0
CBOT,90,100,47.67,100,19.69,26.05,90,0
WTLS,88,100,111.16,2,56.00,60.59,88,0
PINC,87,100,76.66,100,29.27,50.09,87,0
CNAV,82,100,80.36,100,28.52,44.27,82,0
DINT,79,100,53.65,100,11.32,29.35,79,0
XIWC,79,100,48.97,100,10.40,26.54,79,0
FPSX,77,900,8.99,900,8.38,8.54,77,0
XDAT,76,100,46.53,100,9.82,25.25,76,0
CABZ,74,100,42.82,100,15.50,23.50,74,0
GSEE,72,100,127.77,2,51.01,69.41,72,0
APRP,69,100,59.93,100,12.65,32.66,69,0
ATTR,69,100,173.23,100,36.54,94.45,69,0
BITK,67,6,12.00,1,9.50,9.85,67,0
TMDV,67,100,95.25,100,20.09,51.82,67,0
NDOW,66,100,54.21,100,11.44,29.47,66,0
OSSL,64,100,27.06,100,5.72,13.99,64,0
EAOK,63,100,51.89,100,10.95,28.28,63,0
UXOC,63,100,72.26,100,15.25,39.37,63,0
CBTO,51,100,30.19,100,11.53,19.71,51,0
AMAA,50,100,52.28,355,28.16,28.17,50,0
ESG,50,100,217.87,100,135.96,176.67,50,0
FEBT,47,100,55.37,100,15.98,41.22,47,0
NLSI,46,1,53.33,3,47.00,52.18,46,0
SAUG,45,100,51.09,100,10.79,27.87,45,0
FJAN,44,100,58.96,100,51.82,55.30,44,0
AAUA,43,100,105.28,100,22.21,57.22,43,0
TBJL,43,100,35.68,310,16.46,19.42,43,0
UFOD,43,100,46.97,5,22.00,25.32,43,0
MOTG,40,100,59.24,100,22.50,38.82,40,0
PJUS,40,100,94.59,100,19.95,51.67,40,0
JXX,37,100,58.87,100,12.42,31.94,37,0
MAGO,37,100,41.30,100,8.79,22.50,37,0
ISSB,36,100,31.78,6,16.66,17.16,36,0
RMBC,36,100,35.80,100,7.63,21.44,36,0
AUGU,35,100,58.46,100,12.34,31.81,35,0
GJAN,35,100,52.54,100,37.12,45.16,35,0
AVAZ,34,200,9.02,200,8.76,8.70,34,0
TOS,34,100,54.69,100,11.54,29.80,34,0
DECZ,32,100,79.71,100,16.81,43.37,32,0
SPBX,32,100,53.70,100,11.34,29.23,32,0
ENTL,30,700,10.29,9,8.67,8.86,30,0
ABLD,29,100,55.43,100,11.70,30.18,29,0
EGUS,29,100,107.37,100,22.65,57.70,29,0
BABW,28,845,19.72,424,18.79,19.16,28,0
EHCC,28,100,34.96,100,7.38,19.36,28,0
TRTY,28,100,37.66,25,30.10,30.46,28,0
TSYW,28,100,44.50,1,43.51,43.74,28,0
APHG,27,500,16.88,500,16.06,16.52,27,0
DIPR,26,100,48.32,5,25.41,25.77,26,0
PIPE,26,100,54.40,100,11.48,29.56,25,1
SMAY,25,100,52.07,100,10.99,28.36,25,0
HAUS,24,100,35.18,9,16.51,19.14,24,0
CBOJ,23,100,31.93,100,17.92,23.64,23,0
HJUN,23,100,46.01,100,9.71,25.06,23,0
SEPT,23,100,69.16,100,14.68,37.65,23,0
SPCZ,23,100,47.89,100,10.11,26.00,23,0
NFEB,22,100,55.56,100,11.72,30.29,22,0
VOOX,22,100,30.62,100,15.50,25.00,22,0
GNMX,21,100,59.38,100,12.53,32.91,21,0
KJAN,21,100,61.37,100,17.72,45.69,21,0
BAMO,19,100,63.70,100,13.44,34.68,19,0
MARM,19,100,62.78,100,13.25,34.22,19,0
XDEC,19,100,52.77,100,16.85,42.91,19,0
XOEX,19,100,75.00,100,15.82,40.82,19,0
GTOS,18,100,38.23,400,24.85,24.98,18,0
MSTQ,18,100,71.91,100,15.17,39.22,18,0
MAYZ,17,100,66.51,100,14.03,36.21,17,0
FCTR,16,100,62.53,100,23.74,40.60,16,0
FFGX,16,100,64.14,100,13.54,34.80,16,0
WDIG,16,21,42.78,100,16.60,42.95,16,0
LIMI,15,100,79.61,100,18.68,48.14,15,0
MVAL,15,100,68.24,100,14.53,36.93,15,0
XLVX,15,100,55.94,100,23.76,30.65,11,4
ARKT,14,100,35.67,100,7.53,19.49,14,0
DDTD,14,100,37.38,100,7.89,20.43,14,0
CBIL,13,100,34.33,100,17.11,25.05,13,0
KONG,13,100,57.94,100,12.23,31.54,13,0
UAPR,13,100,47.30,100,13.64,35.26,13,0
BUFX,12,100,40.76,100,8.61,22.32,12,0
CBOO,12,100,37.50,100,14.35,24.55,12,0
FEBZ,12,100,73.61,100,15.69,40.43,12,0
GAUG,12,100,76.29,100,16.48,41.58,12,0
PMAU,12,100,48.92,100,10.33,26.73,12,0
QIG,12,100,67.90,100,32.07,44.32,12,0
XTAI,12,100,44.63,1,23.00,24.20,12,0
BBSB,11,100,180.23,310,95.07,98.12,11,0
CAMC,11,100,31.16,1,15.50,20.18,11,0
PMSE,11,100,48.36,100,10.21,26.43,11,0
SEPZ,11,100,83.76,100,17.67,45.58,11,0
APRJ,10,100,45.49,100,9.60,24.76,10,0
JULB,10,100,50.75,100,10.71,27.67,10,0
MMAX,10,100,34.81,100,10.67,27.15,10,0
NSEP,10,100,57.37,100,12.11,31.28,10,0
RKX,10,100,41.34,100,16.64,22.95,10,0
SFEB,10,100,48.26,100,10.19,26.25,10,0
SPLS,10,100,99.92,100,34.04,54.41,10,0
TJAN,10,100,51.75,100,10.92,28.28,10,0
AJUL,9,100,55.27,100,11.66,30.11,9,0
DECM,9,100,51.65,100,19.62,33.82,9,0
DECW,9,100,47.97,100,13.86,35.78,9,0
FEBW,9,100,47.83,100,31.66,35.67,9,0
OCTM,9,100,61.81,100,13.04,33.70,9,0
CJUN,8,100,45.93,100,9.69,25.08,8,0
DNOV,8,100,94.55,100,37.62,51.50,8,0
FHDG,8,100,66.73,100,14.08,36.37,8,0
JULM,8,100,63.63,100,13.43,34.68,8,0
PBL,8,100,61.26,100,12.96,33.40,8,0
PSFO,8,100,63.82,100,13.47,34.88,8,0
PTEU,8,100,45.27,100,13.06,33.74,8,0
XAUG,8,100,71.89,100,15.17,39.26,8,0
XTJA,8,100,62.74,100,13.24,34.21,8,0
DHDG,7,100,67.43,100,14.23,36.72,7,0
HELX,7,10,41.75,100,30.93,41.17,7,0
PMAP,7,100,50.13,100,10.58,27.27,7,0
QBUL,7,100,44.32,100,9.47,24.22,7,0
STLR,7,100,24.48,100,23.89,23.99,7,0
DDFM,6,100,36.32,100,7.67,19.84,6,0
LDDR,6,100,143.96,1,78.16,78.41,6,0
PSCX,6,100,60.12,100,12.68,32.63,6,0
ABXB,5,100,35.47,310,16.28,19.32,5,0
BEC,5,100,49.50,100,10.57,27.92,5,0
BFLB,5,100,100.25,100,21.15,54.59,5,0
CMAG,5,100,25.50,100,9.64,24.22,5,0
GFSG,5,900,9.02,900,8.16,8.53,5,0
INTM,5,100,96.12,100,20.28,52.31,5,0
LIFT,5,100,42.94,100,9.06,23.27,5,0
NVC,5,100,45.83,393,24.14,24.37,5,0
ROMO,5,100,62.51,100,13.20,34.11,5,0
SNPD,5,100,55.13,1,29.04,30.17,5,0
TAPR,5,100,48.65,100,10.29,26.48,5,0
ARLU,4,100,58.84,100,12.42,30.44,4,0
BUYZ,4,100,64.87,100,13.85,35.24,4,0
DDFN,4,100,36.97,100,7.96,20.17,4,0
DDTF,4,100,37.22,100,7.86,20.33,4,0
DDTO,4,100,42.23,100,8.92,22.94,4,0
HMAY,4,100,46.31,100,9.78,25.16,4,0
KMAR,4,100,59.09,100,12.47,32.19,4,0
MSIX,4,100,54.26,100,11.45,28.37,4,0
QJL,4,100,46.04,100,9.72,25.10,4,0
UNOV,4,100,54.13,100,15.68,40.25,4,0
XLUX,4,100,49.07,100,10.34,26.77,4,0
ACSI,3,100,138.38,100,29.19,75.44,3,0
BAMY,3,100,50.64,100,10.68,27.54,3,0
CHNL,3,100,18.81,100,18.35,18.04,3,0
JUNT,3,100,47.77,100,14.93,37.89,3,0
KNOW,3,100,23.82,100,9.93,13.06,3,0
LADM,3,100,59.06,11,31.70,32.14,3,0
LQDM,3,15,24.73,100,16.71,24.43,3,0
MEMY,3,100,37.90,6,17.00,21.06,3,0
NMAY,3,100,30.95,100,11.54,29.45,3,0
PRVT,3,100,36.81,100,7.77,18.03,3,0
STBF,3,100,46.63,310,22.38,25.40,3,0
TPAY,3,100,99.07,100,20.90,53.87,3,0
WNDR,3,100,51.71,100,20.93,29.03,3,0
XVUG,3,100,41.96,100,8.86,22.74,3,0
ZSEP,3,100,50.69,100,10.70,27.58,3,0
ABLG,2,100,59.10,100,12.47,32.09,2,0
ABOT,2,100,73.86,100,15.58,39.18,2,0
AOCT,2,100,50.27,100,10.61,27.36,2,0
BAMA,2,100,67.31,100,14.20,36.64,2,0
BBLB,2,100,123.60,100,47.39,80.76,2,0
BLCK,2,100,44.57,100,9.48,24.53,2,0
CARX,2,100,46.84,100,10.06,23.76,2,0
CBOY,2,100,37.52,100,14.26,24.54,2,0
CDNG,2,600,14.25,600,13.24,13.94,2,0
CTJN,2,100,45.79,100,9.66,24.90,2,0
FLAO,2,100,51.97,100,10.97,28.30,2,0
FORH,2,100,45.09,100,9.51,24.50,2,0
IBMV,2,100,34.76,100,17.35,25.38,2,0
ISMF,2,100,30.68,4,25.01,27.85,2,0
JULU,2,100,51.64,100,22.57,32.12,2,0
JULZ,2,100,83.58,100,17.71,45.48,2,0
JUNC,2,100,45.79,100,9.66,24.99,2,0
LCF,2,100,80.86,100,17.06,43.80,2,0
LJAN,2,100,45.34,100,9.58,24.65,2,0
LYLD,2,100,55.90,100,11.80,30.42,2,0
MFUL,2,100,41.19,100,8.69,22.41,2,0
NOVZ,2,100,86.65,100,18.36,47.16,2,0
NXTI,2,100,64.31,100,13.58,35.00,2,0
OCTH,2,100,44.10,100,9.31,23.98,2,0
ODDZ,2,100,48.88,100,10.45,27.64,2,0
ORO,2,100,33.30,100,7.03,18.15,2,0
PJBF,2,100,126.42,100,26.70,68.93,2,0
PLTL,2,100,68.64,338,36.93,37.55,2,0
PSFM,2,100,64.14,100,13.54,34.90,2,0
QTAC,2,100,45.54,100,9.61,24.81,2,0
QVOY,2,100,55.32,100,11.68,30.09,2,0
RIZE,2,100,37.76,100,14.43,24.69,2,0
RMIF,2,100,44.47,310,21.23,24.13,2,0
RMME,2,100,183.93,100,38.79,100.13,2,0
SCMY,2,100,47.26,100,9.97,25.72,2,0
SIXP,2,100,62.15,100,13.12,33.84,2,0
TELG,2,600,13.42,400,12.33,12.73,2,0
TRSY,2,130,32.21,270,28.46,30.12,2,0
TWOX,2,100,44.60,100,16.94,29.12,2,0
USEW,2,100,102.91,3,33.30,56.03,2,0
USLN,2,100,92.49,100,36.75,50.42,2,0
XTOC,2,100,66.62,100,14.16,36.27,2,0
YMAR,2,100,52.93,100,11.17,28.82,2,0
ACGO,1,100,60.79,100,17.89,37.78,1,0
ACLZ,1,100,30.20,100,6.38,17.80,1,0
ACSG,1,100,91.77,100,19.36,48.53,1,0
AJAN,1,100,52.17,1,25.40,28.44,1,0
APRH,1,100,45.86,9,22.01,24.91,1,0
ARCM,1,100,183.93,100,75.24,100.14,1,0
ARKD,1,100,37.96,100,8.01,20.26,1,0
ARMA,1,100,40.20,20,20.72,23.09,1,0
ASMZ,1,100,43.18,1,21.73,22.06,1,0
BAMB,1,100,47.73,310,22.96,26.00,1,0
BAMG,1,100,82.47,100,17.40,44.77,1,0
BAMU,1,100,46.37,310,22.23,25.24,1,0
BAMV,1,100,65.61,100,13.85,35.53,1,0
BAY,1,100,53.69,100,11.33,29.46,1,0
BCKT,1,100,75.41,100,15.92,40.97,1,0
BOXA,1,100,132.79,100,79.47,105.97,1,0
CBOA,1,100,36.86,100,14.10,24.11,1,0
CBTA,1,100,31.40,100,11.93,20.45,1,0
CBTY,1,100,29.95,100,11.42,19.53,1,0
CFIT,1,100,35.54,100,17.85,25.86,1,0
CHYG,1,100,34.33,100,17.08,24.96,1,0
CIEI,1,100,34.44,100,17.15,25.06,1,0
CJUL,1,100,46.24,100,9.76,25.16,1,0
CMCI,1,100,42.69,100,16.46,27.81,1,0
CTJL,1,100,46.28,100,9.77,25.18,1,0
DDFO,1,100,41.35,100,8.73,22.50,1,0
DDTY,1,100,37.22,100,7.86,20.22,1,0
DDXX,1,100,51.67,100,10.90,28.09,1,0
DGJA,1,100,48.38,100,18.53,31.70,1,0
DLNV,1,100,50.47,100,19.16,33.02,1,0
DVVY,1,100,49.51,100,10.45,27.13,1,0
EMDV,1,100,83.32,100,17.58,45.25,1,0
EQLT,1,100,69.97,100,24.75,37.94,1,0
FFDI,1,100,60.76,100,12.82,32.87,1,0
FLDZ,1,100,57.63,100,12.16,31.17,1,0
FPAA,1,100,45.91,100,9.75,24.98,1,0
FPAS,1,100,45.34,310,21.74,24.74,1,0
GLAM,1,100,51.80,100,10.93,28.43,1,0
GLBL,1,100,51.24,100,10.82,27.78,1,0
HBTC,1,100,32.59,100,6.90,17.55,1,0
HJLY,1,100,46.24,100,9.76,25.11,1,0
IDJL,1,100,46.06,100,9.72,25.09,1,0
IMF,1,100,93.89,30,50.00,51.02,1,0
IMTG,1,100,75.15,100,28.70,49.12,1,0
IOSX,1,100,56.19,100,11.85,30.17,1,0
IVVB,1,6,38.00,100,13.61,34.66,1,0
JADB,1,100,47.28,100,9.98,25.77,1,0
JANZ,1,100,75.46,100,15.92,40.92,1,0
JUNZ,1,100,64.91,100,13.70,35.22,1,0
KDEC,1,100,52.25,100,11.03,28.35,1,0
LFAI,1,2,160.00,100,57.77,148.97,1,0
LFAW,1,100,319.29,100,67.34,173.82,1,0
LFDR,1,100,337.00,100,71.08,183.41,1,0
LIAE,1,100,379.49,100,80.04,206.46,1,0
LIAM,1,100,430.89,100,90.87,234.60,1,0
LIAU,1,40,477.27,40,100.65,260.62,1,0
LIBD,1,40,506.97,40,106.92,275.68,1,0
LJUL,1,100,43.83,100,9.25,23.91,1,0
LRNX,1,100,55.21,100,11.83,30.42,1,0
MARU,1,100,54.64,100,11.53,29.63,1,0
MARZ,1,100,67.66,100,14.28,36.69,1,0
MAYU,1,100,62.89,100,13.27,34.11,1,0
MDLV,1,100,57.23,100,12.08,31.14,1,0
MJUN,1,100,59.43,100,12.54,32.20,1,0
MTRA,1,100,50.38,100,10.63,27.38,1,0
OCTJ,1,100,44.02,100,9.30,23.88,1,0
OCTZ,1,100,84.24,100,17.78,45.68,1,0
OWN,1,100,44.76,100,9.44,24.58,1,0
PMFB,1,100,50.12,100,10.58,27.32,1,0
PMJL,1,100,48.98,100,10.40,26.63,1,0
PMMY,1,100,49.20,100,10.38,26.82,1,0
PMOC,1,100,47.86,100,10.10,26.10,1,0
PQXV,1,100,45.96,100,9.70,25.09,1,0
PTNT,1,100,48.30,100,10.20,25.47,1,0
QBKF,1,100,47.88,100,10.10,26.03,1,0
QJN,1,100,45.32,100,9.57,24.76,1,0
QQJL,1,100,46.04,100,9.72,25.10,1,0
QTAP,1,100,67.98,100,20.16,50.94,1,0
RB,1,100,86.11,100,18.17,46.64,1,0
RTAI,1,100,39.69,100,14.46,21.75,1,0
RULE,1,100,58.72,100,12.39,31.45,1,0
SCJN,1,100,46.97,100,9.92,25.65,1,0
SNAV,1,100,71.22,100,15.02,38.68,1,0
SPYA,1,100,55.32,100,11.68,29.74,1,0
STEN,1,100,34.76,100,10.72,27.62,1,0
STYL,1,100,48.11,100,10.28,25.61,1,0
TDEC,1,100,48.13,100,10.16,26.23,1,0
TOAO,1,100,41.31,100,15.77,26.98,1,0
VMAX,1,100,114.95,100,24.25,62.57,1,0
WATS,1,100,46.75,100,9.87,24.34,1,0
WDE,1,100,38.68,100,14.70,25.25,1,0
WX,1,100,44.76,100,9.44,24.36,1,0
XEML,1,100,47.55,100,18.76,25.83,1,0
XLIX,1,100,51.71,100,10.92,28.05,1,0
XPAV,1,100,46.94,100,9.91,24.42,1,0
XSEM,1,100,40.29,100,8.72,20.76,1,0
XTAP,1,100,61.07,100,17.62,45.61,1,0
ACHX,0,100,58.15,100,12.29,0.00,0,0
AIOO,0,100,48.26,100,10.19,0.00,0,0
ALDB,0,100,46.46,100,9.81,0.00,0,0
APRB,0,100,49.44,100,10.44,0.00,0,0
APXM,0,100,58.23,100,12.29,0.00,0,0
ARKE,0,100,36.94,100,7.80,0.00,0,0
ARKI,0,100,41.27,100,8.71,0.00,0,0
ARLI,0,100,48.63,100,10.27,0.00,0,0
AUGM,0,100,64.45,100,13.61,0.00,0,0
AUGP,0,100,60.89,100,12.85,0.00,0,0
AUGT,0,100,70.16,100,14.81,0.00,0,0
AVGC,0,100,46.09,298,24.47,0.00,0,0
BFEW,0,100,39.33,100,8.31,0.00,0,0
BFXU,0,100,42.67,100,9.01,0.00,0,0
BRZX,0,100,43.78,100,9.04,0.00,0,0
BWTG,0,100,78.02,100,16.46,0.00,0,0
CBOL,0,100,35.84,100,13.67,0.00,0,0
CBXL,0,100,30.33,100,11.52,0.00,0,0
CCPX,0,100,36.50,100,7.71,0.00,0,0
CRUC,0,100,41.38,100,8.73,0.00,0,0
DDFJ,0,100,36.33,100,7.67,0.00,0,0
DDTJ,0,100,36.94,100,11.63,0.00,0,0
DDTM,0,100,36.87,100,7.79,0.00,0,0
DDTN,0,100,37.55,100,7.93,0.00,0,0
DDTS,0,100,41.49,35,22.12,0.00,0,0
DECU,0,100,46.17,100,13.74,0.00,0,0
DGAP,0,100,56.04,100,11.82,0.00,0,0
DGOC,0,100,40.11,100,24.84,0.00,0,0
DLFE,0,100,58.39,100,12.32,0.00,0,0
DOCK,0,100,49.86,100,10.52,0.00,0,0
DWWN,0,100,39.34,100,15.02,0.00,0,0
EMJL,0,100,46.12,100,9.73,0.00,0,0
EMXX,0,100,43.63,100,9.21,0.00,0,0
FEBP,0,100,62.73,100,13.23,0.00,0,0
FEBU,0,100,32.55,100,11.54,0.00,0,0
FHIL,0,100,46.23,100,9.75,0.00,0,0
FLJJ,0,100,62.25,100,13.13,0.00,0,0
GDT,0,100,63.68,4,27.72,0.00,0,0
GLX,0,100,35.36,259,19.26,0.00,0,0
GMEC,0,100,47.86,100,10.10,0.00,0,0
GOVM,0,100,45.86,310,21.93,0.00,0,0
HEMI,0,100,76.95,100,16.23,0.00,0,0
HULL,0,100,46.50,100,9.82,0.00,0,0
IBMX,0,100,38.52,100,14.63,0.00,0,0
IONC,0,100,38.03,359,20.15,0.00,0,0
JANM,0,6,36.70,100,13.13,0.00,0,0
JANU,0,100,55.43,100,11.70,0.00,0,0
JUNP,0,100,58.32,100,12.30,0.00,0,0
KAUG,0,100,52.66,100,11.11,0.00,0,0
KEYX,0,1,20.30,317,18.88,0.00,0,0
KFEB,0,100,35.33,100,12.04,0.00,0,0
KNOV,0,100,58.35,100,12.32,0.00,0,0
KSEP,0,100,56.70,100,11.96,0.00,0,0
KYC,0,100,46.95,100,9.99,0.00,0,0
LFAO,0,100,298.96,100,63.05,0.00,0,0
LFBE,0,100,336.82,100,71.04,0.00,0,0
MARW,0,100,66.45,100,14.02,0.00,0,0
MAUG,0,100,59.76,100,12.61,0.00,0,0
MAYC,0,100,47.22,100,9.96,0.00,0,0
MAYP,0,100,59.81,100,12.62,0.00,0,0
MDCR,0,100,59.32,100,12.52,0.00,0,0
MFEB,0,100,60.06,100,12.68,0.00,0,0
MGKX,0,100,41.79,100,8.82,0.00,0,0
MMAR,0,100,59.38,100,12.53,0.00,0,0
MMAY,0,100,60.09,100,12.68,0.00,0,0
MNSX,0,100,48.55,181,26.08,0.00,0,0
MNVR,0,100,59.98,100,12.66,0.00,0,0
MRCP,0,100,63.32,100,13.36,0.00,0,0
MRGR,0,100,83.49,100,17.61,0.00,0,0
MSEP,0,100,59.21,100,12.50,0.00,0,0
NAUG,0,100,39.01,100,17.65,0.00,0,0
NNOV,0,100,57.55,100,12.14,0.00,0,0
NOVM,0,100,62.03,100,13.09,0.00,0,0
NOVP,0,100,59.98,100,12.66,0.00,0,0
NVBU,0,100,56.77,100,11.98,0.00,0,0
NVBW,0,100,47.90,100,13.84,0.00,0,0
NYNY,0,100,49.13,100,10.37,0.00,0,0
OCTP,0,100,59.54,100,12.57,0.00,0,0
OCTU,0,100,33.31,100,11.82,0.00,0,0
ORAC,0,100,43.18,100,17.80,0.00,0,0
PIEL,0,100,45.23,100,17.27,0.00,0,0
PJFM,0,100,125.31,100,26.43,0.00,0,0
PMDE,0,100,47.41,100,10.01,0.00,0,0
PMJA,0,100,50.38,100,10.63,0.00,0,0
PMMR,0,100,49.78,100,10.51,0.00,0,0
PMNV,0,100,47.67,100,10.06,0.00,0,0
PQV,0,100,46.02,100,9.72,0.00,0,0
PQX,0,100,45.97,100,9.70,0.00,0,0
PQXX,0,100,45.93,100,9.70,0.00,0,0
PSCJ,0,100,58.27,100,12.30,0.00,0,0
PSCQ,0,100,57.51,100,12.13,0.00,0,0
PSCW,0,100,55.21,100,11.65,0.00,0,0
PSMD,0,100,63.21,100,13.33,0.00,0,0
PSMJ,0,100,45.48,100,13.33,0.00,0,0
PSMO,0,100,43.18,100,12.65,0.00,0,0
QBIF,0,100,47.95,100,10.13,0.00,0,0
QBIV,0,100,49.14,100,10.37,0.00,0,0
QBKV,0,100,50.54,100,10.67,0.00,0,0
QCJA,0,100,42.85,100,9.04,0.00,0,0
QCJL,0,100,46.06,100,9.72,0.00,0,0
QMAG,0,100,46.53,100,9.82,0.00,0,0
QQMY,0,100,47.23,100,9.97,0.00,0,0
QTJA,0,100,60.35,100,12.79,0.00,0,0
SCUB,0,100,38.28,310,22.06,0.00,0,0
SEPM,0,100,60.35,100,12.74,0.00,0,0
SEPP,0,100,59.86,100,12.64,0.00,0,0
SIXF,0,100,62.81,100,13.26,0.00,0,0
SQLT,0,100,52.63,100,11.11,0.00,0,0
TAJX,0,100,48.66,100,10.27,0.00,0,0
TENM,0,100,49.77,100,10.57,0.00,0,0
TJUN,0,100,41.74,100,8.88,0.00,0,0
TOCT,0,100,49.69,100,10.49,0.00,0,0
TPLX,0,100,54.62,33,29.17,0.00,0,0
TRIO,0,100,119.38,100,25.31,0.00,0,0
TSPX,0,100,54.88,100,11.58,0.00,0,0
USEP,0,100,55.68,100,16.06,0.00,0,0
USX,0,100,44.95,100,9.49,0.00,0,0
UUPP,0,100,46.12,100,9.73,0.00,0,0
UXAP,0,100,79.13,100,16.70,0.00,0,0
UXJA,0,100,70.13,100,14.80,0.00,0,0
UXJL,0,100,67.14,100,14.16,0.00,0,0
VBX,0,100,47.66,100,10.06,0.00,0,0
VOXP,0,100,71.34,100,15.11,0.00,0,0
WEBX,0,100,36.56,100,7.72,0.00,0,0
WR,0,100,45.03,100,9.51,0.00,0,0
XAGI,0,100,38.40,100,8.10,0.00,0,0
XAPR,0,100,69.46,100,14.66,0.00,0,0
XBAP,0,100,56.41,100,16.29,0.00,0,0
XBIX,0,100,71.41,100,15.07,0.00,0,0
XBJA,0,7,34.34,100,13.13,0.00,0,0
XBJL,0,100,53.75,100,15.52,0.00,0,0
XCOM,0,100,35.99,100,7.60,0.00,0,0
XEUR,0,100,47.18,100,9.96,0.00,0,0
XFEB,0,100,68.80,100,14.52,0.00,0,0
XHOA,0,100,47.73,100,10.07,0.00,0,0
XJAN,0,100,70.68,100,14.92,0.00,0,0
XKRE,0,100,53.41,100,11.27,0.00,0,0
XLBX,0,100,45.64,100,9.63,0.00,0,0
XLEX,0,100,38.73,100,8.17,0.00,0,0
XLKX,0,100,39.32,100,8.30,0.00,0,0
XLPX,0,100,48.08,100,10.17,0.00,0,0
XLYX,0,100,44.98,100,9.49,0.00,0,0
XMAY,0,100,66.44,100,14.12,0.00,0,0
XOCT,0,100,72.16,100,29.01,0.00,0,0
XQTM,0,100,41.90,100,11.63,0.00,0,0
XVO,0,100,46.83,100,9.89,0.00,0,0
XW,0,100,44.55,100,9.41,0.00,0,0
YUNG,0,100,53.44,100,11.28,0.00,0,0