phase,title,expected_artifact,artifact_found,status,recommended_next_phase,key_result,closure_assessment
v2.16A,TMX Provider Route Confirmation,committed phase record / route confirmation,not independently asserted by closure script,closed_in_git_history,v2.16B - TMX Acquisition Plan,TMX selected as next provider route after Euronext closure.,closed_by_git_history
v2.16B,TMX Acquisition Plan,committed phase record / acquisition plan,not independently asserted by closure script,closed_in_git_history,v2.16C - TMX Raw Acquisition,TMX source candidates defined.,closed_by_git_history
v2.16C,TMX Raw Acquisition,outputs\full_universe_source_acquisition\tmx_raw_acquisition_manifest_v2_16c.json,True,TMX_RAW_ACQUISITION_COMPLETED_WITH_DOWNLOADS_REBUILD_STILL_BLOCKED,v2.16D - TMX Validation,Raw TMX landing/source responses acquired; controlled/paid sources not downloaded.,ok
v2.16D,TMX Validation,committed validation artifacts,not independently asserted by closure script,closed_in_git_history,v2.16D2 - TMX Controlled Endpoint Probe,Raw source validation completed; controlled endpoint probe recommended.,closed_by_git_history
v2.16D2,TMX Controlled Endpoint Probe,committed controlled probe artifacts,not independently asserted by closure script,closed_in_git_history,v2.16E - TMX Candidate Extraction Dry Run,No promising endpoint path found; candidate extraction moved to local raw extraction.,closed_by_git_history
v2.16E,TMX Candidate Extraction Dry Run,outputs\full_universe_source_acquisition\tmx_candidate_extraction_dry_run_v2_16e.json,True,TMX_CANDIDATE_EXTRACTION_DRY_RUN_COMPLETED_CANDIDATES_FOUND_REBUILD_STILL_BLOCKED,v2.16F - TMX Candidate Validation Against Canonical Dry Run,13 conservative candidates extracted; newsroom false positives removed.,ok
v2.16F,TMX Candidate Validation Against Canonical Dry Run,outputs\full_universe_source_acquisition\tmx_candidate_validation_against_canonical_v2_16f.json,True,TMX_CANDIDATE_VALIDATION_DRY_RUN_COMPLETED_REBUILD_CANDIDATES_FOUND_REBUILD_STILL_BLOCKED,v2.16G - TMX Expanded Rebuild Candidate,13 candidates validated; 1 rebuild candidate selected: IRR / Irruptive Metals Corp. / TSXV.,ok
v2.16G,TMX Expanded Rebuild Candidate,outputs\full_universe_source_acquisition\tmx_expanded_rebuild_candidate_v2_16g.json,True,TMX_EXPANDED_REBUILD_CANDIDATE_COMPLETED_ADD1_FULL_SOURCE_STILL_BLOCKED,v2.16H - TMX Expanded Validation,Separate candidate dataset generated with +1 row; canonical not replaced.,ok
v2.16H,TMX Expanded Validation,outputs\full_universe_source_acquisition\tmx_expanded_validation_v2_16h.json,True,TMX_EXPANDED_VALIDATION_COMPLETED_CANDIDATE_ADD1_VALID_CANONICAL_STILL_UNCHANGED_FULL_SOURCE_STILL_BLOCKED,v2.16I - TMX Closure Report,"Candidate dataset validated: canonical +1, IRR/TSXV, full source still blocked.",ok
