source_id,provider,market,source_category,source_url,method,planned_raw_kind,priority,candidate_role,expected_confidence,include_in_v2_18c,filter_policy_ref,known_risks,notes
twse_openapi_swagger,TWSE,Taiwan,official_api_catalog,https://openapi.twse.com.tw/,GET,html/swagger_catalog,1,discovery_catalog,support,True,catalog_only,Swagger catalog may require JSON route validation in v2.18C,Official TWSE OpenAPI catalog. Used to confirm endpoint availability before parsing.
twse_listed_company_profile,TWSE,Taiwan,listed_company_profile,https://openapi.twse.com.tw/v1/opendata/t187ap03_L,GET,json,2,primary_twse_candidate_source,high,True,ordinary_equity_filter,Endpoint/schema must be validated; Chinese column names likely,Primary planned source for TWSE listed company identities.
twse_stock_day_all,TWSE,Taiwan,daily_trading_all_listed_stocks,https://openapi.twse.com.tw/v1/exchangeReport/STOCK_DAY_ALL,GET,json,3,twse_symbol_name_crosscheck,medium,True,ordinary_equity_filter,Trading source may include non-ordinary instruments or only active traded instruments,Support source for code/name coverage and active-trading cross-check.
twse_latest_listed_companies,TWSE,Taiwan,latest_listed_companies,https://www.twse.com.tw/en/company/newlisting?response=html,GET,html,4,new_listing_crosscheck,medium,True,ordinary_equity_filter,"Page may be recent-listing only, not full universe",Support source for latest listings not captured elsewhere.
tpex_openapi_swagger,TPEx,Taiwan,official_api_catalog,https://www.tpex.org.tw/openapi/,GET,html/swagger_catalog,5,discovery_catalog,support,True,catalog_only,May return 403 to some clients; v2.18C must preserve status and payload,Official TPEx OpenAPI catalog. Used to discover stable raw routes.
tpex_daily_stock_quotes,TPEx,Taiwan,mainboard_daily_quotes,https://www.tpex.org.tw/en-us/mainboard/trading/info/pricing.html,GET,html/csv_link,6,primary_tpex_candidate_source,high_if_csv_download_resolves,True,ordinary_equity_filter,CSV download link may be dynamic; v2.18C should capture page and downloadable CSV if resolvable,Primary planned TPEx mainboard source if CSV/UTF-8 download can be resolved.
tpex_stock_pricing_page,TPEx,Taiwan,mainboard_stock_pricing,https://www.tpex.org.tw/en-us/mainboard/trading/info/stock-pricing.html,GET,html/csv_link,7,tpex_symbol_name_crosscheck,medium,True,ordinary_equity_filter,May need query parameters/date; CSV link may be generated by page script,Support source for TPEx code/company info and active listing cross-check.
tpex_mainboard_applicant_companies,TPEx,Taiwan,applicant_companies,https://www.tpex.org.tw/en-us/mainboard/applying/status/company.html,GET,html/csv_link,8,applicant_review_only,low_review,True,applicant_exclusion_policy,Applicants are not necessarily listed/tradable; should not be promoted automatically,"Review-only source. Useful for diagnostics, not safe promotion by default."
tpex_gisa_company,TPEx,Taiwan,gisa_company,https://www.tpex.org.tw/openapi/,GET,openapi_endpoint_discovery,9,deferred_or_review_only,low_review,True,non_mainboard_review_policy,GISA/emerging category may not belong in ordinary listed equity universe,Capture if discoverable from TPEx OpenAPI catalog; do not promote without explicit validation.
