asset_id,ticker,candidate_matrix_status,score_bucket,scorable,research_rank,experimental_score,quality_notes,phase
U00597,CGEN,CANDIDATE_MATRIX_READY,INVESTIGATE_HIGH,true,1,87.3314,scored_ready_matrix_row,v2.38K-us-experimental-scoring
U00489,BWFG,CANDIDATE_MATRIX_READY,INVESTIGATE_HIGH,true,2,86.9175,scored_ready_matrix_row,v2.38K-us-experimental-scoring
U00040,ACNB,CANDIDATE_MATRIX_READY,INVESTIGATE_HIGH,true,3,84.0633,scored_ready_matrix_row,v2.38K-us-experimental-scoring
U00126,ALAB,CANDIDATE_MATRIX_READY,INVESTIGATE_HIGH,true,4,83.8049,scored_ready_matrix_row,v2.38K-us-experimental-scoring
U00276,ATEX,CANDIDATE_MATRIX_READY,INVESTIGATE_HIGH,true,5,83.3366,scored_ready_matrix_row,v2.38K-us-experimental-scoring
U00503,CAC,CANDIDATE_MATRIX_READY,INVESTIGATE_HIGH,true,6,80.9777,scored_ready_matrix_row,v2.38K-us-experimental-scoring
U00025,ACAD,CANDIDATE_MATRIX_READY,INVESTIGATE_HIGH,true,7,80.9259,scored_ready_matrix_row,v2.38K-us-experimental-scoring
U00482,BUSE,CANDIDATE_MATRIX_READY,INVESTIGATE_HIGH,true,8,80.5503,scored_ready_matrix_row,v2.38K-us-experimental-scoring
U00522,CART,CANDIDATE_MATRIX_READY,INVESTIGATE_HIGH,true,9,78.7464,scored_ready_matrix_row,v2.38K-us-experimental-scoring
U00425,BMRN,CANDIDATE_MATRIX_READY,INVESTIGATE_HIGH,true,10,78.0671,scored_ready_matrix_row,v2.38K-us-experimental-scoring
U00592,CFFN,CANDIDATE_MATRIX_READY,INVESTIGATE_HIGH,true,11,77.9125,scored_ready_matrix_row,v2.38K-us-experimental-scoring
U00170,AMGN,CANDIDATE_MATRIX_READY,INVESTIGATE_HIGH,true,12,77.8635,scored_ready_matrix_row,v2.38K-us-experimental-scoring
U00390,BIIB,CANDIDATE_MATRIX_READY,INVESTIGATE_HIGH,true,13,77.6929,scored_ready_matrix_row,v2.38K-us-experimental-scoring
U00054,ADEA,CANDIDATE_MATRIX_READY,INVESTIGATE_HIGH,true,14,77.2821,scored_ready_matrix_row,v2.38K-us-experimental-scoring
U00011,AAPL,CANDIDATE_MATRIX_READY,INVESTIGATE_HIGH,true,15,76.5883,scored_ready_matrix_row,v2.38K-us-experimental-scoring
U00519,CARE,CANDIDATE_MATRIX_READY,INVESTIGATE_HIGH,true,16,76.2259,scored_ready_matrix_row,v2.38K-us-experimental-scoring
U00169,AMD,CANDIDATE_MATRIX_READY,INVESTIGATE_HIGH,true,17,76.1559,scored_ready_matrix_row,v2.38K-us-experimental-scoring
U00214,APPF,CANDIDATE_MATRIX_READY,INVESTIGATE_HIGH,true,18,75.9668,scored_ready_matrix_row,v2.38K-us-experimental-scoring
U00497,BZ,CANDIDATE_MATRIX_READY,INVESTIGATE_HIGH,true,19,75.8547,scored_ready_matrix_row,v2.38K-us-experimental-scoring
U00379,BGC,CANDIDATE_MATRIX_READY,INVESTIGATE_HIGH,true,20,75.4173,scored_ready_matrix_row,v2.38K-us-experimental-scoring
U00251,ARWR,CANDIDATE_MATRIX_READY,INVESTIGATE_MEDIUM,true,21,74.9964,scored_ready_matrix_row,v2.38K-us-experimental-scoring
U00591,CFFI,CANDIDATE_MATRIX_READY,INVESTIGATE_MEDIUM,true,22,74.823,scored_ready_matrix_row,v2.38K-us-experimental-scoring
U00165,AMAT,CANDIDATE_MATRIX_READY,INVESTIGATE_MEDIUM,true,23,74.6014,scored_ready_matrix_row,v2.38K-us-experimental-scoring
U00599,CGNX,CANDIDATE_MATRIX_READY,INVESTIGATE_MEDIUM,true,24,74.5113,scored_ready_matrix_row,v2.38K-us-experimental-scoring
U00606,CHCI,CANDIDATE_MATRIX_READY,INVESTIGATE_MEDIUM,true,25,74.3267,scored_ready_matrix_row,v2.38K-us-experimental-scoring
U00312,AVPT,CANDIDATE_MATRIX_READY,INVESTIGATE_MEDIUM,true,26,74.2054,scored_ready_matrix_row,v2.38K-us-experimental-scoring
U00372,BELFB,CANDIDATE_MATRIX_READY,INVESTIGATE_MEDIUM,true,27,74.1486,scored_ready_matrix_row,v2.38K-us-experimental-scoring
U00086,AFRM,CANDIDATE_MATRIX_READY,INVESTIGATE_MEDIUM,true,28,73.5754,scored_ready_matrix_row,v2.38K-us-experimental-scoring
U00288,ATRC,CANDIDATE_MATRIX_READY,INVESTIGATE_MEDIUM,true,29,73.2182,scored_ready_matrix_row,v2.38K-us-experimental-scoring
U00629,CINF,CANDIDATE_MATRIX_READY,INVESTIGATE_MEDIUM,true,30,72.6654,scored_ready_matrix_row,v2.38K-us-experimental-scoring
U00139,ALKS,CANDIDATE_MATRIX_READY,INVESTIGATE_MEDIUM,true,31,72.3619,scored_ready_matrix_row,v2.38K-us-experimental-scoring
U00297,AUPH,CANDIDATE_MATRIX_READY,INVESTIGATE_MEDIUM,true,32,72.1181,scored_ready_matrix_row,v2.38K-us-experimental-scoring
U00065,ADUS,CANDIDATE_MATRIX_READY,INVESTIGATE_MEDIUM,true,33,72.0959,scored_ready_matrix_row,v2.38K-us-experimental-scoring
U00056,ADI,CANDIDATE_MATRIX_READY,INVESTIGATE_MEDIUM,true,34,72.0344,scored_ready_matrix_row,v2.38K-us-experimental-scoring
U00371,BELFA,CANDIDATE_MATRIX_READY,INVESTIGATE_MEDIUM,true,35,71.7833,scored_ready_matrix_row,v2.38K-us-experimental-scoring
U00504,CACC,CANDIDATE_MATRIX_READY,INVESTIGATE_MEDIUM,true,36,71.6566,scored_ready_matrix_row,v2.38K-us-experimental-scoring
U00037,ACIW,CANDIDATE_MATRIX_READY,INVESTIGATE_MEDIUM,true,37,71.4922,scored_ready_matrix_row,v2.38K-us-experimental-scoring
U00046,ACT,CANDIDATE_MATRIX_READY,INVESTIGATE_MEDIUM,true,38,70.4833,scored_ready_matrix_row,v2.38K-us-experimental-scoring
U00185,ANAB,CANDIDATE_MATRIX_READY,INVESTIGATE_MEDIUM,true,39,69.9416,scored_ready_matrix_row,v2.38K-us-experimental-scoring
U00015,ABEO,CANDIDATE_MATRIX_READY,INVESTIGATE_MEDIUM,true,40,69.7492,scored_ready_matrix_row,v2.38K-us-experimental-scoring
U00053,ADBE,CANDIDATE_MATRIX_READY,INVESTIGATE_MEDIUM,true,41,69.2471,scored_ready_matrix_row,v2.38K-us-experimental-scoring
U00047,ACTG,CANDIDATE_MATRIX_READY,INVESTIGATE_MEDIUM,true,42,69.1806,scored_ready_matrix_row,v2.38K-us-experimental-scoring
U00634,CIVB,CANDIDATE_MATRIX_READY,INVESTIGATE_MEDIUM,true,43,68.5482,scored_ready_matrix_row,v2.38K-us-experimental-scoring
U00520,CARG,CANDIDATE_MATRIX_READY,INVESTIGATE_MEDIUM,true,44,68.4704,scored_ready_matrix_row,v2.38K-us-experimental-scoring
U00017,ABNB,CANDIDATE_MATRIX_READY,INVESTIGATE_MEDIUM,true,45,68.0244,scored_ready_matrix_row,v2.38K-us-experimental-scoring
U00513,CAMT,CANDIDATE_MATRIX_READY,INVESTIGATE_MEDIUM,true,46,67.7254,scored_ready_matrix_row,v2.38K-us-experimental-scoring
U00119,AIRT,CANDIDATE_MATRIX_READY,INVESTIGATE_MEDIUM,true,47,67.7223,scored_ready_matrix_row,v2.38K-us-experimental-scoring
U00653,CLSK,CANDIDATE_MATRIX_READY,INVESTIGATE_MEDIUM,true,48,67.2035,scored_ready_matrix_row,v2.38K-us-experimental-scoring
U00191,ANIP,CANDIDATE_MATRIX_READY,INVESTIGATE_MEDIUM,true,49,66.8739,scored_ready_matrix_row,v2.38K-us-experimental-scoring
U00398,BJRI,CANDIDATE_MATRIX_READY,INVESTIGATE_MEDIUM,true,50,66.8042,scored_ready_matrix_row,v2.38K-us-experimental-scoring
U00178,AMRX,CANDIDATE_MATRIX_READY,INVESTIGATE_MEDIUM,true,51,66.615,scored_ready_matrix_row,v2.38K-us-experimental-scoring
U00266,ASTH,CANDIDATE_MATRIX_READY,INVESTIGATE_MEDIUM,true,52,66.6131,scored_ready_matrix_row,v2.38K-us-experimental-scoring
U00524,CASS,CANDIDATE_MATRIX_READY,INVESTIGATE_MEDIUM,true,53,66.2804,scored_ready_matrix_row,v2.38K-us-experimental-scoring
U00314,AVT,CANDIDATE_MATRIX_READY,INVESTIGATE_MEDIUM,true,54,66.2184,scored_ready_matrix_row,v2.38K-us-experimental-scoring
U00039,ACMR,CANDIDATE_MATRIX_READY,INVESTIGATE_MEDIUM,true,55,65.7224,scored_ready_matrix_row,v2.38K-us-experimental-scoring
U00571,CECO,CANDIDATE_MATRIX_READY,INVESTIGATE_MEDIUM,true,56,65.1581,scored_ready_matrix_row,v2.38K-us-experimental-scoring
U00461,BRZE,CANDIDATE_MATRIX_READY,INVESTIGATE_MEDIUM,true,57,65.1221,scored_ready_matrix_row,v2.38K-us-experimental-scoring
U00509,CAKE,CANDIDATE_MATRIX_READY,INVESTIGATE_MEDIUM,true,58,64.8661,scored_ready_matrix_row,v2.38K-us-experimental-scoring
U00486,BVS,CANDIDATE_MATRIX_READY,INVESTIGATE_MEDIUM,true,59,64.8151,scored_ready_matrix_row,v2.38K-us-experimental-scoring
U00035,ACIC,CANDIDATE_MATRIX_READY,INVESTIGATE_MEDIUM,true,60,64.5977,scored_ready_matrix_row,v2.38K-us-experimental-scoring
U00207,API,CANDIDATE_MATRIX_READY,INVESTIGATE_MEDIUM,true,61,64.2919,scored_ready_matrix_row,v2.38K-us-experimental-scoring
U00062,ADSK,CANDIDATE_MATRIX_READY,INVESTIGATE_MEDIUM,true,62,64.1966,scored_ready_matrix_row,v2.38K-us-experimental-scoring
U00523,CASH,CANDIDATE_MATRIX_READY,INVESTIGATE_MEDIUM,true,63,64.1629,scored_ready_matrix_row,v2.38K-us-experimental-scoring
U00564,CDNS,CANDIDATE_MATRIX_READY,INVESTIGATE_MEDIUM,true,64,64.1438,scored_ready_matrix_row,v2.38K-us-experimental-scoring
U00586,CERT,CANDIDATE_MATRIX_READY,INVESTIGATE_MEDIUM,true,65,64.1052,scored_ready_matrix_row,v2.38K-us-experimental-scoring
U00177,AMPL,CANDIDATE_MATRIX_READY,INVESTIGATE_MEDIUM,true,66,64.0206,scored_ready_matrix_row,v2.38K-us-experimental-scoring
U00215,APPN,CANDIDATE_MATRIX_READY,INVESTIGATE_MEDIUM,true,67,63.9304,scored_ready_matrix_row,v2.38K-us-experimental-scoring
U00638,CLBT,CANDIDATE_MATRIX_READY,INVESTIGATE_MEDIUM,true,68,63.3614,scored_ready_matrix_row,v2.38K-us-experimental-scoring
U00189,ANGO,CANDIDATE_MATRIX_READY,INVESTIGATE_MEDIUM,true,69,63.345,scored_ready_matrix_row,v2.38K-us-experimental-scoring
U00415,BLZE,CANDIDATE_MATRIX_READY,INVESTIGATE_MEDIUM,true,70,63.2839,scored_ready_matrix_row,v2.38K-us-experimental-scoring
U00469,BSY,CANDIDATE_MATRIX_READY,INVESTIGATE_MEDIUM,true,71,63.2774,scored_ready_matrix_row,v2.38K-us-experimental-scoring
U00058,ADMA,CANDIDATE_MATRIX_READY,INVESTIGATE_MEDIUM,true,72,63.2414,scored_ready_matrix_row,v2.38K-us-experimental-scoring
U00526,CASY,CANDIDATE_MATRIX_READY,INVESTIGATE_MEDIUM,true,73,63.1529,scored_ready_matrix_row,v2.38K-us-experimental-scoring
U00307,AVGO,CANDIDATE_MATRIX_READY,INVESTIGATE_MEDIUM,true,74,63.1365,scored_ready_matrix_row,v2.38K-us-experimental-scoring
U00320,AXGN,CANDIDATE_MATRIX_READY,INVESTIGATE_MEDIUM,true,75,63.1046,scored_ready_matrix_row,v2.38K-us-experimental-scoring
U00612,CHKP,CANDIDATE_MATRIX_READY,INVESTIGATE_MEDIUM,true,76,62.9654,scored_ready_matrix_row,v2.38K-us-experimental-scoring
U00491,BWMN,CANDIDATE_MATRIX_READY,INVESTIGATE_MEDIUM,true,77,62.7708,scored_ready_matrix_row,v2.38K-us-experimental-scoring
U00574,CELH,CANDIDATE_MATRIX_READY,INVESTIGATE_MEDIUM,true,78,62.7007,scored_ready_matrix_row,v2.38K-us-experimental-scoring
U00359,BCPC,CANDIDATE_MATRIX_READY,INVESTIGATE_MEDIUM,true,79,62.4426,scored_ready_matrix_row,v2.38K-us-experimental-scoring
U00294,AUDC,CANDIDATE_MATRIX_READY,INVESTIGATE_MEDIUM,true,80,62.1756,scored_ready_matrix_row,v2.38K-us-experimental-scoring
U00150,ALOT,CANDIDATE_MATRIX_READY,INVESTIGATE_MEDIUM,true,81,62.0653,scored_ready_matrix_row,v2.38K-us-experimental-scoring
U00133,ALGM,CANDIDATE_MATRIX_READY,INVESTIGATE_MEDIUM,true,82,62.0651,scored_ready_matrix_row,v2.38K-us-experimental-scoring
U00134,ALGN,CANDIDATE_MATRIX_READY,INVESTIGATE_MEDIUM,true,83,62.0569,scored_ready_matrix_row,v2.38K-us-experimental-scoring
U00280,ATLC,CANDIDATE_MATRIX_READY,INVESTIGATE_MEDIUM,true,84,62.0344,scored_ready_matrix_row,v2.38K-us-experimental-scoring
U00556,CCSI,CANDIDATE_MATRIX_READY,INVESTIGATE_MEDIUM,true,85,61.7789,scored_ready_matrix_row,v2.38K-us-experimental-scoring
U00648,CLOV,CANDIDATE_MATRIX_READY,INVESTIGATE_MEDIUM,true,86,61.6801,scored_ready_matrix_row,v2.38K-us-experimental-scoring
U00441,BOSC,CANDIDATE_MATRIX_READY,INVESTIGATE_MEDIUM,true,87,61.2851,scored_ready_matrix_row,v2.38K-us-experimental-scoring
U00610,CHEF,CANDIDATE_MATRIX_READY,INVESTIGATE_MEDIUM,true,88,61.2063,scored_ready_matrix_row,v2.38K-us-experimental-scoring
U00168,AMCX,CANDIDATE_MATRIX_READY,INVESTIGATE_MEDIUM,true,89,61.1937,scored_ready_matrix_row,v2.38K-us-experimental-scoring
U00205,APEI,CANDIDATE_MATRIX_READY,INVESTIGATE_MEDIUM,true,90,60.9354,scored_ready_matrix_row,v2.38K-us-experimental-scoring
U00572,CEG,CANDIDATE_MATRIX_READY,INVESTIGATE_MEDIUM,true,91,60.6352,scored_ready_matrix_row,v2.38K-us-experimental-scoring
U00428,BNC,CANDIDATE_MATRIX_READY,INVESTIGATE_MEDIUM,true,92,60.5652,scored_ready_matrix_row,v2.38K-us-experimental-scoring
U00140,ALKT,CANDIDATE_MATRIX_READY,INVESTIGATE_MEDIUM,true,93,60.3091,scored_ready_matrix_row,v2.38K-us-experimental-scoring
U00032,ACGL,CANDIDATE_MATRIX_READY,INVESTIGATE_MEDIUM,true,94,60.0311,scored_ready_matrix_row,v2.38K-us-experimental-scoring
U00148,ALNT,CANDIDATE_MATRIX_READY,INVESTIGATE_LOW,true,95,59.9263,scored_ready_matrix_row,v2.38K-us-experimental-scoring
U00483,BUUU,CANDIDATE_MATRIX_READY,INVESTIGATE_LOW,true,96,59.8872,scored_ready_matrix_row,v2.38K-us-experimental-scoring
U00014,ABCL,CANDIDATE_MATRIX_READY,INVESTIGATE_LOW,true,97,59.8739,scored_ready_matrix_row,v2.38K-us-experimental-scoring
U00500,CAAS,CANDIDATE_MATRIX_READY,INVESTIGATE_LOW,true,98,59.5995,scored_ready_matrix_row,v2.38K-us-experimental-scoring
U00216,APPS,CANDIDATE_MATRIX_READY,INVESTIGATE_LOW,true,99,59.3448,scored_ready_matrix_row,v2.38K-us-experimental-scoring
U00533,CBLL,CANDIDATE_MATRIX_READY,INVESTIGATE_LOW,true,100,59.1508,scored_ready_matrix_row,v2.38K-us-experimental-scoring
U00022,ABUS,CANDIDATE_MATRIX_READY,INVESTIGATE_LOW,true,101,59.0291,scored_ready_matrix_row,v2.38K-us-experimental-scoring
U00552,CCLD,CANDIDATE_MATRIX_READY,INVESTIGATE_LOW,true,102,58.8105,scored_ready_matrix_row,v2.38K-us-experimental-scoring
U00176,AMPH,CANDIDATE_MATRIX_READY,INVESTIGATE_LOW,true,103,58.7718,scored_ready_matrix_row,v2.38K-us-experimental-scoring
U00311,AVO,CANDIDATE_MATRIX_READY,INVESTIGATE_LOW,true,104,58.6101,scored_ready_matrix_row,v2.38K-us-experimental-scoring
U00097,AGYS,CANDIDATE_MATRIX_READY,INVESTIGATE_LOW,true,105,58.528,scored_ready_matrix_row,v2.38K-us-experimental-scoring
U00243,ARQT,CANDIDATE_MATRIX_READY,INVESTIGATE_LOW,true,106,58.4937,scored_ready_matrix_row,v2.38K-us-experimental-scoring
U00038,ACLS,CANDIDATE_MATRIX_READY,INVESTIGATE_LOW,true,107,58.3361,scored_ready_matrix_row,v2.38K-us-experimental-scoring
U00562,CDNA,CANDIDATE_MATRIX_READY,INVESTIGATE_LOW,true,108,58.3169,scored_ready_matrix_row,v2.38K-us-experimental-scoring
U00149,ALNY,CANDIDATE_MATRIX_READY,INVESTIGATE_LOW,true,109,58.1844,scored_ready_matrix_row,v2.38K-us-experimental-scoring
U00155,ALRM,CANDIDATE_MATRIX_READY,INVESTIGATE_LOW,true,110,57.8394,scored_ready_matrix_row,v2.38K-us-experimental-scoring
U00172,AMKR,CANDIDATE_MATRIX_READY,INVESTIGATE_LOW,true,111,57.6552,scored_ready_matrix_row,v2.38K-us-experimental-scoring
U00247,ARTNA,CANDIDATE_MATRIX_READY,INVESTIGATE_LOW,true,112,57.5502,scored_ready_matrix_row,v2.38K-us-experimental-scoring
U00060,ADPT,CANDIDATE_MATRIX_READY,INVESTIGATE_LOW,true,113,57.5413,scored_ready_matrix_row,v2.38K-us-experimental-scoring
U00262,ASRV,CANDIDATE_MATRIX_READY,INVESTIGATE_LOW,true,114,57.3202,scored_ready_matrix_row,v2.38K-us-experimental-scoring
U00455,BRKR,CANDIDATE_MATRIX_READY,INVESTIGATE_LOW,true,115,57.2414,scored_ready_matrix_row,v2.38K-us-experimental-scoring
U00184,AMZN,CANDIDATE_MATRIX_READY,INVESTIGATE_LOW,true,116,57.0827,scored_ready_matrix_row,v2.38K-us-experimental-scoring
U00585,CERS,CANDIDATE_MATRIX_READY,INVESTIGATE_LOW,true,117,56.975,scored_ready_matrix_row,v2.38K-us-experimental-scoring
U00059,ADP,CANDIDATE_MATRIX_READY,INVESTIGATE_LOW,true,118,56.7334,scored_ready_matrix_row,v2.38K-us-experimental-scoring
U00322,AXON,CANDIDATE_MATRIX_READY,INVESTIGATE_LOW,true,119,56.7302,scored_ready_matrix_row,v2.38K-us-experimental-scoring
U00644,CLMB,CANDIDATE_MATRIX_READY,INVESTIGATE_LOW,true,120,56.728,scored_ready_matrix_row,v2.38K-us-experimental-scoring
U00568,CDW,CANDIDATE_MATRIX_READY,INVESTIGATE_LOW,true,121,56.539,scored_ready_matrix_row,v2.38K-us-experimental-scoring
U00074,AEIS,CANDIDATE_MATRIX_READY,INVESTIGATE_LOW,true,122,56.1802,scored_ready_matrix_row,v2.38K-us-experimental-scoring
U00410,BLMN,CANDIDATE_MATRIX_READY,INVESTIGATE_LOW,true,123,55.8593,scored_ready_matrix_row,v2.38K-us-experimental-scoring
U00464,BSET,CANDIDATE_MATRIX_READY,INVESTIGATE_LOW,true,124,55.834,scored_ready_matrix_row,v2.38K-us-experimental-scoring
U00283,ATNI,CANDIDATE_MATRIX_READY,INVESTIGATE_LOW,true,125,55.6272,scored_ready_matrix_row,v2.38K-us-experimental-scoring
U00143,ALLT,CANDIDATE_MATRIX_READY,INVESTIGATE_LOW,true,126,55.559,scored_ready_matrix_row,v2.38K-us-experimental-scoring
U00616,CHR,CANDIDATE_MATRIX_READY,INVESTIGATE_LOW,true,127,55.114,scored_ready_matrix_row,v2.38K-us-experimental-scoring
U00580,CENX,CANDIDATE_MATRIX_READY,INVESTIGATE_LOW,true,128,54.9023,scored_ready_matrix_row,v2.38K-us-experimental-scoring
U00645,CLMT,CANDIDATE_MATRIX_READY,INVESTIGATE_LOW,true,129,54.7809,scored_ready_matrix_row,v2.38K-us-experimental-scoring
U00578,CENT,CANDIDATE_MATRIX_READY,INVESTIGATE_LOW,true,130,54.6808,scored_ready_matrix_row,v2.38K-us-experimental-scoring
U00367,BEAM,CANDIDATE_MATRIX_READY,INVESTIGATE_LOW,true,131,54.3307,scored_ready_matrix_row,v2.38K-us-experimental-scoring
U00030,ACFN,CANDIDATE_MATRIX_READY,INVESTIGATE_LOW,true,132,54.1842,scored_ready_matrix_row,v2.38K-us-experimental-scoring
U00078,AERT,CANDIDATE_MATRIX_READY,INVESTIGATE_LOW,true,133,53.8449,scored_ready_matrix_row,v2.38K-us-experimental-scoring
U00535,CBRL,CANDIDATE_MATRIX_READY,INVESTIGATE_LOW,true,134,53.3932,scored_ready_matrix_row,v2.38K-us-experimental-scoring
U00347,BBNX,CANDIDATE_MATRIX_READY,INVESTIGATE_LOW,true,135,53.3212,scored_ready_matrix_row,v2.38K-us-experimental-scoring
U00579,CENTA,CANDIDATE_MATRIX_READY,INVESTIGATE_LOW,true,136,53.1371,scored_ready_matrix_row,v2.38K-us-experimental-scoring
U00124,AKBA,CANDIDATE_MATRIX_READY,INVESTIGATE_LOW,true,137,52.9816,scored_ready_matrix_row,v2.38K-us-experimental-scoring
U00008,AAOI,CANDIDATE_MATRIX_READY,INVESTIGATE_LOW,true,138,52.8704,scored_ready_matrix_row,v2.38K-us-experimental-scoring
U00237,ARHS,CANDIDATE_MATRIX_READY,INVESTIGATE_LOW,true,139,52.6258,scored_ready_matrix_row,v2.38K-us-experimental-scoring
U00494,BYND,CANDIDATE_MATRIX_READY,INVESTIGATE_LOW,true,140,52.5269,scored_ready_matrix_row,v2.38K-us-experimental-scoring
U00493,BYFC,CANDIDATE_MATRIX_READY,INVESTIGATE_LOW,true,141,52.2939,scored_ready_matrix_row,v2.38K-us-experimental-scoring
U00495,BYRN,CANDIDATE_MATRIX_READY,INVESTIGATE_LOW,true,142,52.1864,scored_ready_matrix_row,v2.38K-us-experimental-scoring
U00113,AIP,CANDIDATE_MATRIX_READY,INVESTIGATE_LOW,true,143,51.9123,scored_ready_matrix_row,v2.38K-us-experimental-scoring
U00020,ABTC,CANDIDATE_MATRIX_READY,INVESTIGATE_LOW,true,144,51.6016,scored_ready_matrix_row,v2.38K-us-experimental-scoring
U00342,BBCP,CANDIDATE_MATRIX_READY,INVESTIGATE_LOW,true,145,51.5701,scored_ready_matrix_row,v2.38K-us-experimental-scoring
U00402,BL,CANDIDATE_MATRIX_READY,INVESTIGATE_LOW,true,146,51.4558,scored_ready_matrix_row,v2.38K-us-experimental-scoring
U00190,ANIK,CANDIDATE_MATRIX_READY,INVESTIGATE_LOW,true,147,51.4491,scored_ready_matrix_row,v2.38K-us-experimental-scoring
U00511,CALM,CANDIDATE_MATRIX_READY,INVESTIGATE_LOW,true,148,51.378,scored_ready_matrix_row,v2.38K-us-experimental-scoring
U00159,ALTO,CANDIDATE_MATRIX_READY,INVESTIGATE_LOW,true,149,50.8248,scored_ready_matrix_row,v2.38K-us-experimental-scoring
U00230,ARCB,CANDIDATE_MATRIX_READY,INVESTIGATE_LOW,true,150,50.8223,scored_ready_matrix_row,v2.38K-us-experimental-scoring
U00435,BOF,CANDIDATE_MATRIX_READY,INVESTIGATE_LOW,true,151,50.3962,scored_ready_matrix_row,v2.38K-us-experimental-scoring
U00090,AGIO,CANDIDATE_MATRIX_READY,INVESTIGATE_LOW,true,152,50.3786,scored_ready_matrix_row,v2.38K-us-experimental-scoring
U00128,ALCO,CANDIDATE_MATRIX_READY,INVESTIGATE_LOW,true,153,50.3462,scored_ready_matrix_row,v2.38K-us-experimental-scoring
U00617,CHRD,CANDIDATE_MATRIX_READY,INVESTIGATE_LOW,true,154,50.0484,scored_ready_matrix_row,v2.38K-us-experimental-scoring
U00263,ASST,CANDIDATE_MATRIX_READY,INVESTIGATE_LOW,true,155,49.9981,scored_ready_matrix_row,v2.38K-us-experimental-scoring
U00137,ALHC,CANDIDATE_MATRIX_READY,INVESTIGATE_LOW,true,156,49.9033,scored_ready_matrix_row,v2.38K-us-experimental-scoring
U00329,AZTA,CANDIDATE_MATRIX_READY,INVESTIGATE_LOW,true,157,49.8543,scored_ready_matrix_row,v2.38K-us-experimental-scoring
U00289,ATRO,CANDIDATE_MATRIX_READY,INVESTIGATE_LOW,true,158,49.816,scored_ready_matrix_row,v2.38K-us-experimental-scoring
U00212,APOG,CANDIDATE_MATRIX_READY,INVESTIGATE_LOW,true,159,49.7977,scored_ready_matrix_row,v2.38K-us-experimental-scoring
U00408,BLKB,CANDIDATE_MATRIX_READY,INVESTIGATE_LOW,true,160,49.7684,scored_ready_matrix_row,v2.38K-us-experimental-scoring
U00335,BANL,CANDIDATE_MATRIX_READY,INVESTIGATE_LOW,true,161,49.6687,scored_ready_matrix_row,v2.38K-us-experimental-scoring
U00323,AXSM,CANDIDATE_MATRIX_READY,INVESTIGATE_LOW,true,162,49.4942,scored_ready_matrix_row,v2.38K-us-experimental-scoring
U00063,ADTN,CANDIDATE_MATRIX_READY,INVESTIGATE_LOW,true,163,49.1816,scored_ready_matrix_row,v2.38K-us-experimental-scoring
U00377,BFRI,CANDIDATE_MATRIX_READY,INVESTIGATE_LOW,true,164,48.9802,scored_ready_matrix_row,v2.38K-us-experimental-scoring
U00655,CLWT,CANDIDATE_MATRIX_READY,INVESTIGATE_LOW,true,165,48.9567,scored_ready_matrix_row,v2.38K-us-experimental-scoring
U00649,CLPS,CANDIDATE_MATRIX_READY,INVESTIGATE_LOW,true,166,48.9413,scored_ready_matrix_row,v2.38K-us-experimental-scoring
U00401,BKR,CANDIDATE_MATRIX_READY,INVESTIGATE_LOW,true,167,48.8895,scored_ready_matrix_row,v2.38K-us-experimental-scoring
U00249,ARTW,CANDIDATE_MATRIX_READY,INVESTIGATE_LOW,true,168,48.544,scored_ready_matrix_row,v2.38K-us-experimental-scoring
U00258,ASO,CANDIDATE_MATRIX_READY,INVESTIGATE_LOW,true,169,48.5034,scored_ready_matrix_row,v2.38K-us-experimental-scoring
U00213,APP,CANDIDATE_MATRIX_READY,INVESTIGATE_LOW,true,170,48.407,scored_ready_matrix_row,v2.38K-us-experimental-scoring
U00265,ASTE,CANDIDATE_MATRIX_READY,INVESTIGATE_LOW,true,171,48.3492,scored_ready_matrix_row,v2.38K-us-experimental-scoring
U00403,BLBD,CANDIDATE_MATRIX_READY,INVESTIGATE_LOW,true,172,48.2993,scored_ready_matrix_row,v2.38K-us-experimental-scoring
U00339,BATRA,CANDIDATE_MATRIX_READY,INVESTIGATE_LOW,true,173,48.0105,scored_ready_matrix_row,v2.38K-us-experimental-scoring
U00633,CISS,CANDIDATE_MATRIX_READY,INVESTIGATE_LOW,true,174,47.4942,scored_ready_matrix_row,v2.38K-us-experimental-scoring
U00180,AMSF,CANDIDATE_MATRIX_READY,INVESTIGATE_LOW,true,175,47.463,scored_ready_matrix_row,v2.38K-us-experimental-scoring
U00244,ARRY,CANDIDATE_MATRIX_READY,INVESTIGATE_LOW,true,176,46.8939,scored_ready_matrix_row,v2.38K-us-experimental-scoring
U00364,BDSX,CANDIDATE_MATRIX_READY,INVESTIGATE_LOW,true,177,46.8793,scored_ready_matrix_row,v2.38K-us-experimental-scoring
U00112,AIOT,CANDIDATE_MATRIX_READY,INVESTIGATE_LOW,true,178,46.7599,scored_ready_matrix_row,v2.38K-us-experimental-scoring
U00440,BOOM,CANDIDATE_MATRIX_READY,INVESTIGATE_LOW,true,179,46.7347,scored_ready_matrix_row,v2.38K-us-experimental-scoring
U00340,BATRK,CANDIDATE_MATRIX_READY,INVESTIGATE_LOW,true,180,46.6465,scored_ready_matrix_row,v2.38K-us-experimental-scoring
U00512,CAMP,CANDIDATE_MATRIX_READY,INVESTIGATE_LOW,true,181,46.1564,scored_ready_matrix_row,v2.38K-us-experimental-scoring
U00136,ALGT,CANDIDATE_MATRIX_READY,INVESTIGATE_LOW,true,182,45.9931,scored_ready_matrix_row,v2.38K-us-experimental-scoring
U00041,ACNT,CANDIDATE_MATRIX_READY,INVESTIGATE_LOW,true,183,45.8718,scored_ready_matrix_row,v2.38K-us-experimental-scoring
U00186,ANDE,CANDIDATE_MATRIX_READY,INVESTIGATE_LOW,true,184,45.8653,scored_ready_matrix_row,v2.38K-us-experimental-scoring
U00081,AEYE,CANDIDATE_MATRIX_READY,INVESTIGATE_LOW,true,185,45.533,scored_ready_matrix_row,v2.38K-us-experimental-scoring
U00490,BWIN,CANDIDATE_MATRIX_READY,INVESTIGATE_LOW,true,186,45.0894,scored_ready_matrix_row,v2.38K-us-experimental-scoring
U00622,CHTR,CANDIDATE_MATRIX_READY,INVESTIGATE_LOW,true,187,44.9092,scored_ready_matrix_row,v2.38K-us-experimental-scoring
U00333,BAND,CANDIDATE_MATRIX_READY,INVESTIGATE_LOW,true,188,44.6917,scored_ready_matrix_row,v2.38K-us-experimental-scoring
U00474,BTCT,CANDIDATE_MATRIX_READY,INVESTIGATE_LOW,true,189,44.4046,scored_ready_matrix_row,v2.38K-us-experimental-scoring
U00016,ABLV,CANDIDATE_MATRIX_READY,INVESTIGATE_LOW,true,190,43.9355,scored_ready_matrix_row,v2.38K-us-experimental-scoring
U00457,BRLT,CANDIDATE_MATRIX_READY,INVESTIGATE_LOW,true,191,43.7679,scored_ready_matrix_row,v2.38K-us-experimental-scoring
U00356,BCG,CANDIDATE_MATRIX_READY,INVESTIGATE_LOW,true,192,43.4126,scored_ready_matrix_row,v2.38K-us-experimental-scoring
U00157,ALT,CANDIDATE_MATRIX_READY,INVESTIGATE_LOW,true,193,43.3751,scored_ready_matrix_row,v2.38K-us-experimental-scoring
U00646,CLNE,CANDIDATE_MATRIX_READY,INVESTIGATE_LOW,true,194,43.3627,scored_ready_matrix_row,v2.38K-us-experimental-scoring
U00267,ASTI,CANDIDATE_MATRIX_READY,INVESTIGATE_LOW,true,195,43.1422,scored_ready_matrix_row,v2.38K-us-experimental-scoring
U00650,CLPT,CANDIDATE_MATRIX_READY,INVESTIGATE_LOW,true,196,42.9901,scored_ready_matrix_row,v2.38K-us-experimental-scoring
U00166,AMBA,CANDIDATE_MATRIX_READY,INVESTIGATE_LOW,true,197,42.88,scored_ready_matrix_row,v2.38K-us-experimental-scoring
U00175,AMPG,CANDIDATE_MATRIX_READY,INVESTIGATE_LOW,true,198,42.7992,scored_ready_matrix_row,v2.38K-us-experimental-scoring
U00271,ASYS,CANDIDATE_MATRIX_READY,INVESTIGATE_LOW,true,199,42.7895,scored_ready_matrix_row,v2.38K-us-experimental-scoring
U00544,CCCC,CANDIDATE_MATRIX_READY,INVESTIGATE_LOW,true,200,42.688,scored_ready_matrix_row,v2.38K-us-experimental-scoring
U00033,ACHC,CANDIDATE_MATRIX_READY,INVESTIGATE_LOW,true,201,42.6744,scored_ready_matrix_row,v2.38K-us-experimental-scoring
U00094,AGNT,CANDIDATE_MATRIX_READY,INVESTIGATE_LOW,true,202,42.6574,scored_ready_matrix_row,v2.38K-us-experimental-scoring
U00620,CHRW,CANDIDATE_MATRIX_READY,INVESTIGATE_LOW,true,203,42.5788,scored_ready_matrix_row,v2.38K-us-experimental-scoring
U00201,AOUT,CANDIDATE_MATRIX_READY,INVESTIGATE_LOW,true,204,42.2453,scored_ready_matrix_row,v2.38K-us-experimental-scoring
U00621,CHSN,CANDIDATE_MATRIX_READY,INVESTIGATE_LOW,true,205,42.0255,scored_ready_matrix_row,v2.38K-us-experimental-scoring
U00636,CLAR,CANDIDATE_MATRIX_READY,INVESTIGATE_LOW,true,206,41.9118,scored_ready_matrix_row,v2.38K-us-experimental-scoring
U00639,CLDX,CANDIDATE_MATRIX_READY,INVESTIGATE_LOW,true,207,41.8198,scored_ready_matrix_row,v2.38K-us-experimental-scoring
U00396,BIYA,CANDIDATE_MATRIX_READY,INVESTIGATE_LOW,true,208,41.7007,scored_ready_matrix_row,v2.38K-us-experimental-scoring
U00626,CIFR,CANDIDATE_MATRIX_READY,INVESTIGATE_LOW,true,209,41.2958,scored_ready_matrix_row,v2.38K-us-experimental-scoring
U00476,BTMD,CANDIDATE_MATRIX_READY,INVESTIGATE_LOW,true,210,41.1443,scored_ready_matrix_row,v2.38K-us-experimental-scoring
U00454,BRID,CANDIDATE_MATRIX_READY,INVESTIGATE_LOW,true,211,40.9332,scored_ready_matrix_row,v2.38K-us-experimental-scoring
U00426,BNAI,CANDIDATE_MATRIX_READY,INVESTIGATE_LOW,true,212,40.8042,scored_ready_matrix_row,v2.38K-us-experimental-scoring
U00220,APWC,CANDIDATE_MATRIX_READY,INVESTIGATE_LOW,true,213,40.4374,scored_ready_matrix_row,v2.38K-us-experimental-scoring
U00628,CIIT,CANDIDATE_MATRIX_READY,INVESTIGATE_LOW,true,214,39.6989,scored_ready_matrix_row,v2.38K-us-experimental-scoring
U00043,ACON,CANDIDATE_MATRIX_READY,INVESTIGATE_LOW,true,215,39.585,scored_ready_matrix_row,v2.38K-us-experimental-scoring
U00471,BTBD,CANDIDATE_MATRIX_READY,INVESTIGATE_LOW,true,216,39.4797,scored_ready_matrix_row,v2.38K-us-experimental-scoring
U00331,BAER,CANDIDATE_MATRIX_READY,INVESTIGATE_LOW,true,217,39.4178,scored_ready_matrix_row,v2.38K-us-experimental-scoring
U00044,ACRS,CANDIDATE_MATRIX_READY,INVESTIGATE_LOW,true,218,39.2539,scored_ready_matrix_row,v2.38K-us-experimental-scoring
U00255,ASMB,CANDIDATE_MATRIX_READY,INVESTIGATE_LOW,true,219,39.1915,scored_ready_matrix_row,v2.38K-us-experimental-scoring
U00384,BGM,CANDIDATE_MATRIX_READY,INVESTIGATE_LOW,true,220,39.1208,scored_ready_matrix_row,v2.38K-us-experimental-scoring
U00602,CGTL,CANDIDATE_MATRIX_READY,INVESTIGATE_LOW,true,221,38.9843,scored_ready_matrix_row,v2.38K-us-experimental-scoring
U00147,ALMU,CANDIDATE_MATRIX_READY,INVESTIGATE_LOW,true,222,38.7392,scored_ready_matrix_row,v2.38K-us-experimental-scoring
U00104,AIFC,CANDIDATE_MATRIX_READY,INVESTIGATE_LOW,true,223,38.7167,scored_ready_matrix_row,v2.38K-us-experimental-scoring
U00085,AFRI,CANDIDATE_MATRIX_READY,INVESTIGATE_LOW,true,224,38.5701,scored_ready_matrix_row,v2.38K-us-experimental-scoring
U00570,CDZI,CANDIDATE_MATRIX_READY,INVESTIGATE_LOW,true,225,38.4686,scored_ready_matrix_row,v2.38K-us-experimental-scoring
U00559,CD,CANDIDATE_MATRIX_READY,INVESTIGATE_LOW,true,226,38.4371,scored_ready_matrix_row,v2.38K-us-experimental-scoring
U00411,BLNE,CANDIDATE_MATRIX_READY,INVESTIGATE_LOW,true,227,38.366,scored_ready_matrix_row,v2.38K-us-experimental-scoring
U00066,ADV,CANDIDATE_MATRIX_READY,INVESTIGATE_LOW,true,228,37.8619,scored_ready_matrix_row,v2.38K-us-experimental-scoring
U00076,AENT,CANDIDATE_MATRIX_READY,INVESTIGATE_LOW,true,229,37.7909,scored_ready_matrix_row,v2.38K-us-experimental-scoring
U00287,ATRA,CANDIDATE_MATRIX_READY,INVESTIGATE_LOW,true,230,37.7714,scored_ready_matrix_row,v2.38K-us-experimental-scoring
U00593,CG,CANDIDATE_MATRIX_READY,INVESTIGATE_LOW,true,231,37.7542,scored_ready_matrix_row,v2.38K-us-experimental-scoring
U00319,AXG,CANDIDATE_MATRIX_READY,INVESTIGATE_LOW,true,232,37.7442,scored_ready_matrix_row,v2.38K-us-experimental-scoring
U00072,AEHR,CANDIDATE_MATRIX_READY,INVESTIGATE_LOW,true,233,37.7273,scored_ready_matrix_row,v2.38K-us-experimental-scoring
U00473,BTCS,CANDIDATE_MATRIX_READY,INVESTIGATE_LOW,true,234,37.644,scored_ready_matrix_row,v2.38K-us-experimental-scoring
U00254,ASLE,CANDIDATE_MATRIX_READY,INVESTIGATE_LOW,true,235,37.5278,scored_ready_matrix_row,v2.38K-us-experimental-scoring
U00007,AAME,CANDIDATE_MATRIX_READY,INVESTIGATE_LOW,true,236,37.2722,scored_ready_matrix_row,v2.38K-us-experimental-scoring
U00080,AEVA,CANDIDATE_MATRIX_READY,INVESTIGATE_LOW,true,237,36.5162,scored_ready_matrix_row,v2.38K-us-experimental-scoring
U00531,CBIO,CANDIDATE_MATRIX_READY,INVESTIGATE_LOW,true,238,36.2316,scored_ready_matrix_row,v2.38K-us-experimental-scoring
U00641,CLGN,CANDIDATE_MATRIX_READY,INVESTIGATE_LOW,true,239,36.1942,scored_ready_matrix_row,v2.38K-us-experimental-scoring
U00098,AHCO,CANDIDATE_MATRIX_READY,INVESTIGATE_LOW,true,240,36.0948,scored_ready_matrix_row,v2.38K-us-experimental-scoring
U00114,AIRE,CANDIDATE_MATRIX_READY,INVESTIGATE_LOW,true,241,36.0208,scored_ready_matrix_row,v2.38K-us-experimental-scoring
U00042,ACOG,CANDIDATE_MATRIX_READY,INVESTIGATE_LOW,true,242,35.6946,scored_ready_matrix_row,v2.38K-us-experimental-scoring
U00069,AEBI,CANDIDATE_MATRIX_READY,INVESTIGATE_LOW,true,243,35.5524,scored_ready_matrix_row,v2.38K-us-experimental-scoring
U00260,ASPI,CANDIDATE_MATRIX_READY,INVESTIGATE_LOW,true,244,35.5041,scored_ready_matrix_row,v2.38K-us-experimental-scoring
U00106,AIFU,CANDIDATE_MATRIX_READY,INVESTIGATE_LOW,true,245,35.2807,scored_ready_matrix_row,v2.38K-us-experimental-scoring
U00222,APYX,CANDIDATE_MATRIX_READY,INVESTIGATE_LOW,true,246,34.858,scored_ready_matrix_row,v2.38K-us-experimental-scoring
U00110,AIMD,CANDIDATE_MATRIX_READY,INVESTIGATE_LOW,true,247,34.6883,scored_ready_matrix_row,v2.38K-us-experimental-scoring
U00115,AIRG,CANDIDATE_MATRIX_READY,INVESTIGATE_LOW,true,248,34.4524,scored_ready_matrix_row,v2.38K-us-experimental-scoring
U00443,BOTJ,CANDIDATE_MATRIX_READY,INVESTIGATE_LOW,true,249,34.3773,scored_ready_matrix_row,v2.38K-us-experimental-scoring
U00477,BTOC,CANDIDATE_MATRIX_READY,INVESTIGATE_LOW,true,250,34.3646,scored_ready_matrix_row,v2.38K-us-experimental-scoring
U00021,ABTS,CANDIDATE_MATRIX_READY,INVESTIGATE_LOW,true,251,34.3264,scored_ready_matrix_row,v2.38K-us-experimental-scoring
U00406,BLIN,CANDIDATE_MATRIX_READY,INVESTIGATE_LOW,true,252,34.1529,scored_ready_matrix_row,v2.38K-us-experimental-scoring
U00290,ATXG,CANDIDATE_MATRIX_READY,INVESTIGATE_LOW,true,253,34.0551,scored_ready_matrix_row,v2.38K-us-experimental-scoring
U00465,BSIN,CANDIDATE_MATRIX_READY,INVESTIGATE_LOW,true,254,33.7644,scored_ready_matrix_row,v2.38K-us-experimental-scoring
U00613,CHMG,CANDIDATE_MATRIX_READY,INVESTIGATE_LOW,true,255,33.6653,scored_ready_matrix_row,v2.38K-us-experimental-scoring
U00156,ALRS,CANDIDATE_MATRIX_READY,INVESTIGATE_LOW,true,256,33.6105,scored_ready_matrix_row,v2.38K-us-experimental-scoring
U00234,ARCT,CANDIDATE_MATRIX_READY,INVESTIGATE_LOW,true,257,33.5206,scored_ready_matrix_row,v2.38K-us-experimental-scoring
U00028,ACDC,CANDIDATE_MATRIX_READY,INVESTIGATE_LOW,true,258,33.4094,scored_ready_matrix_row,v2.38K-us-experimental-scoring
U00092,AGMH,CANDIDATE_MATRIX_READY,INVESTIGATE_LOW,true,259,32.682,scored_ready_matrix_row,v2.38K-us-experimental-scoring
U00281,ATLO,CANDIDATE_MATRIX_READY,INVESTIGATE_LOW,true,260,32.5441,scored_ready_matrix_row,v2.38K-us-experimental-scoring
U00439,BON,CANDIDATE_MATRIX_READY,INVESTIGATE_LOW,true,261,32.5082,scored_ready_matrix_row,v2.38K-us-experimental-scoring
U00324,AXTI,CANDIDATE_MATRIX_READY,INVESTIGATE_LOW,true,262,32.3574,scored_ready_matrix_row,v2.38K-us-experimental-scoring
U00447,BPRN,CANDIDATE_MATRIX_READY,INVESTIGATE_LOW,true,263,32.3393,scored_ready_matrix_row,v2.38K-us-experimental-scoring
U00590,CFBK,CANDIDATE_MATRIX_READY,INVESTIGATE_LOW,true,264,32.2257,scored_ready_matrix_row,v2.38K-us-experimental-scoring
U00235,ARDX,CANDIDATE_MATRIX_READY,INVESTIGATE_LOW,true,265,32.1536,scored_ready_matrix_row,v2.38K-us-experimental-scoring
U00434,BODI,CANDIDATE_MATRIX_READY,INVESTIGATE_LOW,true,266,32.1439,scored_ready_matrix_row,v2.38K-us-experimental-scoring
U00200,AOSL,CANDIDATE_MATRIX_READY,INVESTIGATE_LOW,true,267,32.0696,scored_ready_matrix_row,v2.38K-us-experimental-scoring
U00569,CDXS,CANDIDATE_MATRIX_READY,INVESTIGATE_LOW,true,268,31.8645,scored_ready_matrix_row,v2.38K-us-experimental-scoring
U00250,ARVN,CANDIDATE_MATRIX_READY,INVESTIGATE_LOW,true,269,31.8055,scored_ready_matrix_row,v2.38K-us-experimental-scoring
U00163,AMAL,CANDIDATE_MATRIX_READY,INVESTIGATE_LOW,true,270,31.8006,scored_ready_matrix_row,v2.38K-us-experimental-scoring
U00197,ANTA,CANDIDATE_MATRIX_READY,INVESTIGATE_LOW,true,271,31.695,scored_ready_matrix_row,v2.38K-us-experimental-scoring
U00195,ANPA,CANDIDATE_MATRIX_READY,INVESTIGATE_LOW,true,272,30.9294,scored_ready_matrix_row,v2.38K-us-experimental-scoring
U00542,CCBG,CANDIDATE_MATRIX_READY,INVESTIGATE_LOW,true,273,30.8975,scored_ready_matrix_row,v2.38K-us-experimental-scoring
U00118,AIRS,CANDIDATE_MATRIX_READY,INVESTIGATE_LOW,true,274,30.6091,scored_ready_matrix_row,v2.38K-us-experimental-scoring
U00264,ASTC,CANDIDATE_MATRIX_READY,INVESTIGATE_LOW,true,275,30.575,scored_ready_matrix_row,v2.38K-us-experimental-scoring
U00553,CCNE,CANDIDATE_MATRIX_READY,INVESTIGATE_LOW,true,276,30.5475,scored_ready_matrix_row,v2.38K-us-experimental-scoring
U00446,BPOP,CANDIDATE_MATRIX_READY,INVESTIGATE_LOW,true,277,30.4922,scored_ready_matrix_row,v2.38K-us-experimental-scoring
U00607,CHCO,CANDIDATE_MATRIX_READY,INVESTIGATE_LOW,true,278,30.4219,scored_ready_matrix_row,v2.38K-us-experimental-scoring
U00527,CATY,CANDIDATE_MATRIX_READY,INVESTIGATE_LOW,true,279,30.3388,scored_ready_matrix_row,v2.38K-us-experimental-scoring
U00389,BIAF,CANDIDATE_MATRIX_READY,INVESTIGATE_LOW,true,280,29.9383,scored_ready_matrix_row,v2.38K-us-experimental-scoring
U00351,BCAL,CANDIDATE_MATRIX_READY,INVESTIGATE_LOW,true,281,29.7011,scored_ready_matrix_row,v2.38K-us-experimental-scoring
U00485,BVFL,CANDIDATE_MATRIX_READY,INVESTIGATE_LOW,true,282,29.5514,scored_ready_matrix_row,v2.38K-us-experimental-scoring
U00344,BBGI,CANDIDATE_MATRIX_READY,INVESTIGATE_LOW,true,283,29.1785,scored_ready_matrix_row,v2.38K-us-experimental-scoring
U00453,BRFH,CANDIDATE_MATRIX_READY,INVESTIGATE_LOW,true,284,29.1075,scored_ready_matrix_row,v2.38K-us-experimental-scoring
U00487,BWB,CANDIDATE_MATRIX_READY,INVESTIGATE_LOW,true,285,28.9773,scored_ready_matrix_row,v2.38K-us-experimental-scoring
U00468,BSVN,CANDIDATE_MATRIX_READY,INVESTIGATE_LOW,true,286,28.6099,scored_ready_matrix_row,v2.38K-us-experimental-scoring
U00587,CETX,CANDIDATE_MATRIX_READY,INVESTIGATE_LOW,true,287,28.3257,scored_ready_matrix_row,v2.38K-us-experimental-scoring
U00378,BFST,CANDIDATE_MATRIX_READY,INVESTIGATE_LOW,true,288,28.2369,scored_ready_matrix_row,v2.38K-us-experimental-scoring
U00229,ARBE,CANDIDATE_MATRIX_READY,INVESTIGATE_LOW,true,289,27.9959,scored_ready_matrix_row,v2.38K-us-experimental-scoring
U00174,AMOD,CANDIDATE_MATRIX_READY,INVESTIGATE_LOW,true,290,27.9,scored_ready_matrix_row,v2.38K-us-experimental-scoring
U00472,BTBT,CANDIDATE_MATRIX_READY,INVESTIGATE_LOW,true,291,27.7816,scored_ready_matrix_row,v2.38K-us-experimental-scoring
U00467,BSRR,CANDIDATE_MATRIX_READY,INVESTIGATE_LOW,true,292,27.6626,scored_ready_matrix_row,v2.38K-us-experimental-scoring
U00530,CBFV,CANDIDATE_MATRIX_READY,INVESTIGATE_LOW,true,293,27.2824,scored_ready_matrix_row,v2.38K-us-experimental-scoring
U00240,AROW,CANDIDATE_MATRIX_READY,INVESTIGATE_LOW,true,294,27.2589,scored_ready_matrix_row,v2.38K-us-experimental-scoring
U00438,BOLT,CANDIDATE_MATRIX_READY,INVESTIGATE_LOW,true,295,27.1683,scored_ready_matrix_row,v2.38K-us-experimental-scoring
U00588,CETY,CANDIDATE_MATRIX_READY,INVESTIGATE_LOW,true,296,27.1539,scored_ready_matrix_row,v2.38K-us-experimental-scoring
U00298,AUR,CANDIDATE_MATRIX_READY,INVESTIGATE_LOW,true,297,27.1136,scored_ready_matrix_row,v2.38K-us-experimental-scoring
U00492,BYAH,CANDIDATE_MATRIX_READY,INVESTIGATE_LOW,true,298,26.9731,scored_ready_matrix_row,v2.38K-us-experimental-scoring
U00375,BFC,CANDIDATE_MATRIX_READY,INVESTIGATE_LOW,true,299,26.9556,scored_ready_matrix_row,v2.38K-us-experimental-scoring
U00225,AQST,CANDIDATE_MATRIX_READY,INVESTIGATE_LOW,true,300,26.9371,scored_ready_matrix_row,v2.38K-us-experimental-scoring
U00557,CCTG,CANDIDATE_MATRIX_READY,INVESTIGATE_LOW,true,301,26.8932,scored_ready_matrix_row,v2.38K-us-experimental-scoring
U00391,BIOA,CANDIDATE_MATRIX_READY,INVESTIGATE_LOW,true,302,26.1178,scored_ready_matrix_row,v2.38K-us-experimental-scoring
U00635,CJMB,CANDIDATE_MATRIX_READY,INVESTIGATE_LOW,true,303,25.9492,scored_ready_matrix_row,v2.38K-us-experimental-scoring
U00387,BHRB,CANDIDATE_MATRIX_READY,INVESTIGATE_LOW,true,304,25.9377,scored_ready_matrix_row,v2.38K-us-experimental-scoring
U00122,AKAM,CANDIDATE_MATRIX_READY,INVESTIGATE_LOW,true,305,25.832,scored_ready_matrix_row,v2.38K-us-experimental-scoring
U00146,ALMS,CANDIDATE_MATRIX_READY,INVESTIGATE_LOW,true,306,24.9059,scored_ready_matrix_row,v2.38K-us-experimental-scoring
U00537,CBSH,CANDIDATE_MATRIX_READY,INVESTIGATE_LOW,true,307,24.6855,scored_ready_matrix_row,v2.38K-us-experimental-scoring
U00336,BANR,CANDIDATE_MATRIX_READY,INVESTIGATE_LOW,true,308,24.6389,scored_ready_matrix_row,v2.38K-us-experimental-scoring
U00444,BOXL,CANDIDATE_MATRIX_READY,INVESTIGATE_LOW,true,309,24.3728,scored_ready_matrix_row,v2.38K-us-experimental-scoring
U00239,ARKR,CANDIDATE_MATRIX_READY,INVESTIGATE_LOW,true,310,23.9956,scored_ready_matrix_row,v2.38K-us-experimental-scoring
U00293,AUC,CANDIDATE_MATRIX_READY,INVESTIGATE_LOW,true,311,23.7147,scored_ready_matrix_row,v2.38K-us-experimental-scoring
U00284,ATOM,CANDIDATE_MATRIX_READY,INVESTIGATE_LOW,true,312,23.6754,scored_ready_matrix_row,v2.38K-us-experimental-scoring
U00499,BZFD,CANDIDATE_MATRIX_READY,INVESTIGATE_LOW,true,313,23.2318,scored_ready_matrix_row,v2.38K-us-experimental-scoring
U00326,AYTU,CANDIDATE_MATRIX_READY,INVESTIGATE_LOW,true,314,23.2081,scored_ready_matrix_row,v2.38K-us-experimental-scoring
U00131,ALEC,CANDIDATE_MATRIX_READY,INVESTIGATE_LOW,true,315,22.0145,scored_ready_matrix_row,v2.38K-us-experimental-scoring
U00358,BCML,CANDIDATE_MATRIX_READY,INVESTIGATE_LOW,true,316,20.9796,scored_ready_matrix_row,v2.38K-us-experimental-scoring
U00107,AIHS,CANDIDATE_MATRIX_READY,INVESTIGATE_LOW,true,317,20.8712,scored_ready_matrix_row,v2.38K-us-experimental-scoring
U00073,AEI,CANDIDATE_MATRIX_READY,INVESTIGATE_LOW,true,318,20.7971,scored_ready_matrix_row,v2.38K-us-experimental-scoring
U00422,BMR,CANDIDATE_MATRIX_READY,INVESTIGATE_LOW,true,319,20.3385,scored_ready_matrix_row,v2.38K-us-experimental-scoring
U00561,CDLX,CANDIDATE_MATRIX_READY,INVESTIGATE_LOW,true,320,19.9445,scored_ready_matrix_row,v2.38K-us-experimental-scoring
U00575,CELU,CANDIDATE_MATRIX_READY,INVESTIGATE_LOW,true,321,19.8406,scored_ready_matrix_row,v2.38K-us-experimental-scoring
U00111,AIOS,CANDIDATE_MATRIX_READY,INVESTIGATE_LOW,true,322,19.5115,scored_ready_matrix_row,v2.38K-us-experimental-scoring
U00334,BANF,CANDIDATE_MATRIX_READY,INVESTIGATE_LOW,true,323,18.8229,scored_ready_matrix_row,v2.38K-us-experimental-scoring
U00310,AVNW,CANDIDATE_MATRIX_READY,INVESTIGATE_LOW,true,324,18.4611,scored_ready_matrix_row,v2.38K-us-experimental-scoring
U00179,AMSC,CANDIDATE_MATRIX_READY,INVESTIGATE_LOW,true,325,18.3939,scored_ready_matrix_row,v2.38K-us-experimental-scoring
U00383,BGLC,CANDIDATE_MATRIX_READY,INVESTIGATE_LOW,true,326,17.7989,scored_ready_matrix_row,v2.38K-us-experimental-scoring
U00538,CBUS,CANDIDATE_MATRIX_READY,INVESTIGATE_LOW,true,327,17.7383,scored_ready_matrix_row,v2.38K-us-experimental-scoring
U00369,BEEM,CANDIDATE_MATRIX_READY,INVESTIGATE_LOW,true,328,17.5582,scored_ready_matrix_row,v2.38K-us-experimental-scoring
U00560,CDIO,CANDIDATE_MATRIX_READY,INVESTIGATE_LOW,true,329,17.5084,scored_ready_matrix_row,v2.38K-us-experimental-scoring
U00417,BMBL,CANDIDATE_MATRIX_READY,INVESTIGATE_LOW,true,330,17.2695,scored_ready_matrix_row,v2.38K-us-experimental-scoring
U00632,CISO,CANDIDATE_MATRIX_READY,INVESTIGATE_LOW,true,331,16.5097,scored_ready_matrix_row,v2.38K-us-experimental-scoring
U00363,BDMD,CANDIDATE_MATRIX_READY,INVESTIGATE_LOW,true,332,16.3913,scored_ready_matrix_row,v2.38K-us-experimental-scoring
U00277,ATGL,CANDIDATE_MATRIX_READY,INVESTIGATE_LOW,true,333,15.9166,scored_ready_matrix_row,v2.38K-us-experimental-scoring
U00282,ATLX,CANDIDATE_MATRIX_READY,INVESTIGATE_LOW,true,334,15.6893,scored_ready_matrix_row,v2.38K-us-experimental-scoring
U00199,ANY,CANDIDATE_MATRIX_READY,INVESTIGATE_LOW,true,335,14.8378,scored_ready_matrix_row,v2.38K-us-experimental-scoring
U00227,ARAY,CANDIDATE_MATRIX_READY,INVESTIGATE_LOW,true,336,14.7221,scored_ready_matrix_row,v2.38K-us-experimental-scoring
U00275,ATER,CANDIDATE_MATRIX_READY,INVESTIGATE_LOW,true,337,14.7004,scored_ready_matrix_row,v2.38K-us-experimental-scoring
U00567,CDTG,CANDIDATE_MATRIX_READY,INVESTIGATE_LOW,true,338,14.0883,scored_ready_matrix_row,v2.38K-us-experimental-scoring
U00412,BLNK,CANDIDATE_MATRIX_READY,INVESTIGATE_LOW,true,339,13.6949,scored_ready_matrix_row,v2.38K-us-experimental-scoring
U00238,ARKO,CANDIDATE_MATRIX_READY,INVESTIGATE_LOW,true,340,12.8621,scored_ready_matrix_row,v2.38K-us-experimental-scoring
U00338,BAOS,CANDIDATE_MATRIX_READY,INVESTIGATE_LOW,true,341,12.4732,scored_ready_matrix_row,v2.38K-us-experimental-scoring
U00498,BZAI,CANDIDATE_MATRIX_READY,INVESTIGATE_LOW,true,342,12.2117,scored_ready_matrix_row,v2.38K-us-experimental-scoring
U00459,BRTX,CANDIDATE_MATRIX_READY,INVESTIGATE_LOW,true,343,11.9538,scored_ready_matrix_row,v2.38K-us-experimental-scoring
U00291,ATYR,CANDIDATE_MATRIX_READY,INVESTIGATE_LOW,true,344,10.1838,scored_ready_matrix_row,v2.38K-us-experimental-scoring
U00541,CCB,CANDIDATE_MATRIX_READY,INVESTIGATE_LOW,true,345,9.648,scored_ready_matrix_row,v2.38K-us-experimental-scoring
U00182,AMST,CANDIDATE_MATRIX_READY,INVESTIGATE_LOW,true,346,9.5,scored_ready_matrix_row,v2.38K-us-experimental-scoring
U00647,CLNN,CANDIDATE_MATRIX_READY,INVESTIGATE_LOW,true,347,8.317,scored_ready_matrix_row,v2.38K-us-experimental-scoring
U00374,BETR,CANDIDATE_MATRIX_READY,INVESTIGATE_LOW,true,348,7.8063,scored_ready_matrix_row,v2.38K-us-experimental-scoring
U00108,AIIO,CANDIDATE_MATRIX_READY,INVESTIGATE_LOW,true,349,7.5,scored_ready_matrix_row,v2.38K-us-experimental-scoring
U00470,BTAI,CANDIDATE_MATRIX_READY,INVESTIGATE_LOW,true,350,7.5,scored_ready_matrix_row,v2.38K-us-experimental-scoring
U00006,AAL,CANDIDATE_MATRIX_PARTIAL_FUNDAMENTALS,REVIEW_REQUIRED,false,,,not_scored_requires_more_evidence,v2.38K-us-experimental-scoring
U00009,AAON,CANDIDATE_MATRIX_PARTIAL_FUNDAMENTALS,REVIEW_REQUIRED,false,,,not_scored_requires_more_evidence,v2.38K-us-experimental-scoring
U00012,AARD,CANDIDATE_MATRIX_PARTIAL_FUNDAMENTALS,REVIEW_REQUIRED,false,,,not_scored_requires_more_evidence,v2.38K-us-experimental-scoring
U00013,ABAT,CANDIDATE_MATRIX_PARTIAL_FUNDAMENTALS,REVIEW_REQUIRED,false,,,not_scored_requires_more_evidence,v2.38K-us-experimental-scoring
U00018,ABOS,CANDIDATE_MATRIX_PARTIAL_FUNDAMENTALS,REVIEW_REQUIRED,false,,,not_scored_requires_more_evidence,v2.38K-us-experimental-scoring
U00019,ABSI,CANDIDATE_MATRIX_PARTIAL_FUNDAMENTALS,REVIEW_REQUIRED,false,,,not_scored_requires_more_evidence,v2.38K-us-experimental-scoring
U00023,ABVC,CANDIDATE_MATRIX_PARTIAL_FUNDAMENTALS,REVIEW_REQUIRED,false,,,not_scored_requires_more_evidence,v2.38K-us-experimental-scoring
U00027,ACCL,CANDIDATE_MATRIX_PARTIAL_PRICE,REVIEW_REQUIRED,false,,,not_scored_requires_more_evidence,v2.38K-us-experimental-scoring
U00029,ACET,CANDIDATE_MATRIX_PARTIAL_FUNDAMENTALS,REVIEW_REQUIRED,false,,,not_scored_requires_more_evidence,v2.38K-us-experimental-scoring
U00034,ACHV,CANDIDATE_MATRIX_PARTIAL_FUNDAMENTALS,REVIEW_REQUIRED,false,,,not_scored_requires_more_evidence,v2.38K-us-experimental-scoring
U00045,ACRV,CANDIDATE_MATRIX_PARTIAL_FUNDAMENTALS,REVIEW_REQUIRED,false,,,not_scored_requires_more_evidence,v2.38K-us-experimental-scoring
U00048,ACTU,CANDIDATE_MATRIX_PARTIAL_FUNDAMENTALS,REVIEW_REQUIRED,false,,,not_scored_requires_more_evidence,v2.38K-us-experimental-scoring
U00049,ACXP,CANDIDATE_MATRIX_PARTIAL_FUNDAMENTALS,REVIEW_REQUIRED,false,,,not_scored_requires_more_evidence,v2.38K-us-experimental-scoring
U00051,ADAG,CANDIDATE_MATRIX_PARTIAL_FUNDAMENTALS,REVIEW_REQUIRED,false,,,not_scored_requires_more_evidence,v2.38K-us-experimental-scoring
U00055,ADGM,CANDIDATE_MATRIX_PARTIAL_FUNDAMENTALS,REVIEW_REQUIRED,false,,,not_scored_requires_more_evidence,v2.38K-us-experimental-scoring
U00057,ADIL,CANDIDATE_MATRIX_PARTIAL_FUNDAMENTALS,REVIEW_REQUIRED,false,,,not_scored_requires_more_evidence,v2.38K-us-experimental-scoring
U00067,ADVB,CANDIDATE_MATRIX_PARTIAL_FUNDAMENTALS,REVIEW_REQUIRED,false,,,not_scored_requires_more_evidence,v2.38K-us-experimental-scoring
U00075,AEMD,CANDIDATE_MATRIX_PARTIAL_FUNDAMENTALS,REVIEW_REQUIRED,false,,,not_scored_requires_more_evidence,v2.38K-us-experimental-scoring
U00077,AEP,CANDIDATE_MATRIX_PARTIAL_FUNDAMENTALS,REVIEW_REQUIRED,false,,,not_scored_requires_more_evidence,v2.38K-us-experimental-scoring
U00083,AFCG,CANDIDATE_MATRIX_PARTIAL_FUNDAMENTALS,REVIEW_REQUIRED,false,,,not_scored_requires_more_evidence,v2.38K-us-experimental-scoring
U00084,AFJK,CANDIDATE_MATRIX_PARTIAL_FUNDAMENTALS,REVIEW_REQUIRED,false,,,not_scored_requires_more_evidence,v2.38K-us-experimental-scoring
U00088,AGCC,CANDIDATE_MATRIX_PARTIAL_PRICE,REVIEW_REQUIRED,false,,,not_scored_requires_more_evidence,v2.38K-us-experimental-scoring
U00089,AGEN,CANDIDATE_MATRIX_PARTIAL_FUNDAMENTALS,REVIEW_REQUIRED,false,,,not_scored_requires_more_evidence,v2.38K-us-experimental-scoring
U00093,AGNC,CANDIDATE_MATRIX_PARTIAL_FUNDAMENTALS,REVIEW_REQUIRED,false,,,not_scored_requires_more_evidence,v2.38K-us-experimental-scoring
U00095,AGPU,CANDIDATE_MATRIX_PARTIAL_FUNDAMENTALS,REVIEW_REQUIRED,false,,,not_scored_requires_more_evidence,v2.38K-us-experimental-scoring
U00099,AHMA,CANDIDATE_MATRIX_PARTIAL_PRICE,REVIEW_REQUIRED,false,,,not_scored_requires_more_evidence,v2.38K-us-experimental-scoring
U00100,AIAI,CANDIDATE_MATRIX_PARTIAL_PRICE,REVIEW_REQUIRED,false,,,not_scored_requires_more_evidence,v2.38K-us-experimental-scoring
U00102,AIDX,CANDIDATE_MATRIX_PARTIAL_PRICE,REVIEW_REQUIRED,false,,,not_scored_requires_more_evidence,v2.38K-us-experimental-scoring
U00103,AIFA,CANDIDATE_MATRIX_PARTIAL_FUNDAMENTALS,REVIEW_REQUIRED,false,,,not_scored_requires_more_evidence,v2.38K-us-experimental-scoring
U00105,AIFF,CANDIDATE_MATRIX_PARTIAL_FUNDAMENTALS,REVIEW_REQUIRED,false,,,not_scored_requires_more_evidence,v2.38K-us-experimental-scoring
U00116,AIRJ,CANDIDATE_MATRIX_PARTIAL_FUNDAMENTALS,REVIEW_REQUIRED,false,,,not_scored_requires_more_evidence,v2.38K-us-experimental-scoring
U00117,AIRO,CANDIDATE_MATRIX_PARTIAL_FUNDAMENTALS,REVIEW_REQUIRED,false,,,not_scored_requires_more_evidence,v2.38K-us-experimental-scoring
U00120,AISP,CANDIDATE_MATRIX_PARTIAL_FUNDAMENTALS,REVIEW_REQUIRED,false,,,not_scored_requires_more_evidence,v2.38K-us-experimental-scoring
U00121,AIXC,CANDIDATE_MATRIX_PARTIAL_FUNDAMENTALS,REVIEW_REQUIRED,false,,,not_scored_requires_more_evidence,v2.38K-us-experimental-scoring
U00125,AKTS,CANDIDATE_MATRIX_PARTIAL_FUNDAMENTALS,REVIEW_REQUIRED,false,,,not_scored_requires_more_evidence,v2.38K-us-experimental-scoring
U00129,ALDF,CANDIDATE_MATRIX_PARTIAL_FUNDAMENTALS,REVIEW_REQUIRED,false,,,not_scored_requires_more_evidence,v2.38K-us-experimental-scoring
U00130,ALDX,CANDIDATE_MATRIX_PARTIAL_FUNDAMENTALS,REVIEW_REQUIRED,false,,,not_scored_requires_more_evidence,v2.38K-us-experimental-scoring
U00135,ALGS,CANDIDATE_MATRIX_PARTIAL_FUNDAMENTALS,REVIEW_REQUIRED,false,,,not_scored_requires_more_evidence,v2.38K-us-experimental-scoring
U00141,ALLO,CANDIDATE_MATRIX_PARTIAL_FUNDAMENTALS,REVIEW_REQUIRED,false,,,not_scored_requires_more_evidence,v2.38K-us-experimental-scoring
U00142,ALLR,CANDIDATE_MATRIX_PARTIAL_FUNDAMENTALS,REVIEW_REQUIRED,false,,,not_scored_requires_more_evidence,v2.38K-us-experimental-scoring
U00145,ALMR,CANDIDATE_MATRIX_PARTIAL_PRICE,REVIEW_REQUIRED,false,,,not_scored_requires_more_evidence,v2.38K-us-experimental-scoring
U00151,ALOV,CANDIDATE_MATRIX_PARTIAL_PRICE,REVIEW_REQUIRED,false,,,not_scored_requires_more_evidence,v2.38K-us-experimental-scoring
U00152,ALOY,CANDIDATE_MATRIX_PARTIAL_FUNDAMENTALS,REVIEW_REQUIRED,false,,,not_scored_requires_more_evidence,v2.38K-us-experimental-scoring
U00153,ALP,CANDIDATE_MATRIX_PARTIAL_FUNDAMENTALS,REVIEW_REQUIRED,false,,,not_scored_requires_more_evidence,v2.38K-us-experimental-scoring
U00158,ALTI,CANDIDATE_MATRIX_PARTIAL_FUNDAMENTALS,REVIEW_REQUIRED,false,,,not_scored_requires_more_evidence,v2.38K-us-experimental-scoring
U00161,ALXO,CANDIDATE_MATRIX_PARTIAL_FUNDAMENTALS,REVIEW_REQUIRED,false,,,not_scored_requires_more_evidence,v2.38K-us-experimental-scoring
U00162,ALZN,CANDIDATE_MATRIX_PARTIAL_FUNDAMENTALS,REVIEW_REQUIRED,false,,,not_scored_requires_more_evidence,v2.38K-us-experimental-scoring
U00167,AMCI,CANDIDATE_MATRIX_PARTIAL_FUNDAMENTALS,REVIEW_REQUIRED,false,,,not_scored_requires_more_evidence,v2.38K-us-experimental-scoring
U00171,AMIX,CANDIDATE_MATRIX_PARTIAL_FUNDAMENTALS,REVIEW_REQUIRED,false,,,not_scored_requires_more_evidence,v2.38K-us-experimental-scoring
U00173,AMLX,CANDIDATE_MATRIX_PARTIAL_FUNDAMENTALS,REVIEW_REQUIRED,false,,,not_scored_requires_more_evidence,v2.38K-us-experimental-scoring
U00181,AMSS,CANDIDATE_MATRIX_PARTIAL_PRICE,REVIEW_REQUIRED,false,,,not_scored_requires_more_evidence,v2.38K-us-experimental-scoring
U00183,AMTX,CANDIDATE_MATRIX_PARTIAL_FUNDAMENTALS,REVIEW_REQUIRED,false,,,not_scored_requires_more_evidence,v2.38K-us-experimental-scoring
U00188,ANGI,CANDIDATE_MATRIX_PARTIAL_FUNDAMENTALS,REVIEW_REQUIRED,false,,,not_scored_requires_more_evidence,v2.38K-us-experimental-scoring
U00192,ANIX,CANDIDATE_MATRIX_PARTIAL_FUNDAMENTALS,REVIEW_REQUIRED,false,,,not_scored_requires_more_evidence,v2.38K-us-experimental-scoring
U00193,ANNA,CANDIDATE_MATRIX_PARTIAL_FUNDAMENTALS,REVIEW_REQUIRED,false,,,not_scored_requires_more_evidence,v2.38K-us-experimental-scoring
U00194,ANNX,CANDIDATE_MATRIX_PARTIAL_FUNDAMENTALS,REVIEW_REQUIRED,false,,,not_scored_requires_more_evidence,v2.38K-us-experimental-scoring
U00198,ANTX,CANDIDATE_MATRIX_PARTIAL_FUNDAMENTALS,REVIEW_REQUIRED,false,,,not_scored_requires_more_evidence,v2.38K-us-experimental-scoring
U00202,APA,CANDIDATE_MATRIX_PARTIAL_FUNDAMENTALS,REVIEW_REQUIRED,false,,,not_scored_requires_more_evidence,v2.38K-us-experimental-scoring
U00204,APC,CANDIDATE_MATRIX_PARTIAL_PRICE,REVIEW_REQUIRED,false,,,not_scored_requires_more_evidence,v2.38K-us-experimental-scoring
U00206,APGE,CANDIDATE_MATRIX_PARTIAL_FUNDAMENTALS,REVIEW_REQUIRED,false,,,not_scored_requires_more_evidence,v2.38K-us-experimental-scoring
U00208,APLD,CANDIDATE_MATRIX_PARTIAL_FUNDAMENTALS,REVIEW_REQUIRED,false,,,not_scored_requires_more_evidence,v2.38K-us-experimental-scoring
U00217,APRE,CANDIDATE_MATRIX_PARTIAL_FUNDAMENTALS,REVIEW_REQUIRED,false,,,not_scored_requires_more_evidence,v2.38K-us-experimental-scoring
U00218,APUR,CANDIDATE_MATRIX_PARTIAL_PRICE,REVIEW_REQUIRED,false,,,not_scored_requires_more_evidence,v2.38K-us-experimental-scoring
U00219,APVO,CANDIDATE_MATRIX_PARTIAL_FUNDAMENTALS,REVIEW_REQUIRED,false,,,not_scored_requires_more_evidence,v2.38K-us-experimental-scoring
U00221,APXT,CANDIDATE_MATRIX_PARTIAL_PRICE,REVIEW_REQUIRED,false,,,not_scored_requires_more_evidence,v2.38K-us-experimental-scoring
U00223,AQB,CANDIDATE_MATRIX_PARTIAL_FUNDAMENTALS,REVIEW_REQUIRED,false,,,not_scored_requires_more_evidence,v2.38K-us-experimental-scoring
U00224,AQMS,CANDIDATE_MATRIX_PARTIAL_FUNDAMENTALS,REVIEW_REQUIRED,false,,,not_scored_requires_more_evidence,v2.38K-us-experimental-scoring
U00226,ARAI,CANDIDATE_MATRIX_PARTIAL_FUNDAMENTALS,REVIEW_REQUIRED,false,,,not_scored_requires_more_evidence,v2.38K-us-experimental-scoring
U00232,ARCI,CANDIDATE_MATRIX_PARTIAL_PRICE,REVIEW_REQUIRED,false,,,not_scored_requires_more_evidence,v2.38K-us-experimental-scoring
U00236,AREC,CANDIDATE_MATRIX_PARTIAL_FUNDAMENTALS,REVIEW_REQUIRED,false,,,not_scored_requires_more_evidence,v2.38K-us-experimental-scoring
U00241,ARQ,CANDIDATE_MATRIX_PARTIAL_FUNDAMENTALS,REVIEW_REQUIRED,false,,,not_scored_requires_more_evidence,v2.38K-us-experimental-scoring
U00246,ARTL,CANDIDATE_MATRIX_PARTIAL_FUNDAMENTALS,REVIEW_REQUIRED,false,,,not_scored_requires_more_evidence,v2.38K-us-experimental-scoring
U00248,ARTV,CANDIDATE_MATRIX_PARTIAL_FUNDAMENTALS,REVIEW_REQUIRED,false,,,not_scored_requires_more_evidence,v2.38K-us-experimental-scoring
U00252,ARXS,CANDIDATE_MATRIX_PARTIAL_PRICE,REVIEW_REQUIRED,false,,,not_scored_requires_more_evidence,v2.38K-us-experimental-scoring
U00253,ASBP,CANDIDATE_MATRIX_PARTIAL_FUNDAMENTALS,REVIEW_REQUIRED,false,,,not_scored_requires_more_evidence,v2.38K-us-experimental-scoring
U00256,ASML,CANDIDATE_MATRIX_PARTIAL_FUNDAMENTALS,REVIEW_REQUIRED,false,,,not_scored_requires_more_evidence,v2.38K-us-experimental-scoring
U00261,ASPS,CANDIDATE_MATRIX_PARTIAL_FUNDAMENTALS,REVIEW_REQUIRED,false,,,not_scored_requires_more_evidence,v2.38K-us-experimental-scoring
U00269,ASTS,CANDIDATE_MATRIX_PARTIAL_FUNDAMENTALS,REVIEW_REQUIRED,false,,,not_scored_requires_more_evidence,v2.38K-us-experimental-scoring
U00270,ASUR,CANDIDATE_MATRIX_PARTIAL_FUNDAMENTALS,REVIEW_REQUIRED,false,,,not_scored_requires_more_evidence,v2.38K-us-experimental-scoring
U00272,ATAI,CANDIDATE_MATRIX_PARTIAL_FUNDAMENTALS,REVIEW_REQUIRED,false,,,not_scored_requires_more_evidence,v2.38K-us-experimental-scoring
U00273,ATCX,CANDIDATE_MATRIX_PARTIAL_PRICE,REVIEW_REQUIRED,false,,,not_scored_requires_more_evidence,v2.38K-us-experimental-scoring
U00274,ATEC,CANDIDATE_MATRIX_PARTIAL_FUNDAMENTALS,REVIEW_REQUIRED,false,,,not_scored_requires_more_evidence,v2.38K-us-experimental-scoring
U00278,ATHR,CANDIDATE_MATRIX_PARTIAL_FUNDAMENTALS,REVIEW_REQUIRED,false,,,not_scored_requires_more_evidence,v2.38K-us-experimental-scoring
U00279,ATII,CANDIDATE_MATRIX_PARTIAL_FUNDAMENTALS,REVIEW_REQUIRED,false,,,not_scored_requires_more_evidence,v2.38K-us-experimental-scoring
U00285,ATOS,CANDIDATE_MATRIX_PARTIAL_FUNDAMENTALS,REVIEW_REQUIRED,false,,,not_scored_requires_more_evidence,v2.38K-us-experimental-scoring
U00286,ATPC,CANDIDATE_MATRIX_PARTIAL_FUNDAMENTALS,REVIEW_REQUIRED,false,,,not_scored_requires_more_evidence,v2.38K-us-experimental-scoring
U00292,AUBN,CANDIDATE_MATRIX_PARTIAL_FUNDAMENTALS,REVIEW_REQUIRED,false,,,not_scored_requires_more_evidence,v2.38K-us-experimental-scoring
U00296,AUID,CANDIDATE_MATRIX_PARTIAL_FUNDAMENTALS,REVIEW_REQUIRED,false,,,not_scored_requires_more_evidence,v2.38K-us-experimental-scoring
U00299,AURA,CANDIDATE_MATRIX_PARTIAL_FUNDAMENTALS,REVIEW_REQUIRED,false,,,not_scored_requires_more_evidence,v2.38K-us-experimental-scoring
U00300,AURE,CANDIDATE_MATRIX_PARTIAL_FUNDAMENTALS,REVIEW_REQUIRED,false,,,not_scored_requires_more_evidence,v2.38K-us-experimental-scoring
U00301,AUUD,CANDIDATE_MATRIX_PARTIAL_FUNDAMENTALS,REVIEW_REQUIRED,false,,,not_scored_requires_more_evidence,v2.38K-us-experimental-scoring
U00302,AVAH,CANDIDATE_MATRIX_PARTIAL_FUNDAMENTALS,REVIEW_REQUIRED,false,,,not_scored_requires_more_evidence,v2.38K-us-experimental-scoring
U00303,AVAT,CANDIDATE_MATRIX_PARTIAL_PRICE,REVIEW_REQUIRED,false,,,not_scored_requires_more_evidence,v2.38K-us-experimental-scoring
U00304,AVAV,CANDIDATE_MATRIX_PARTIAL_FUNDAMENTALS,REVIEW_REQUIRED,false,,,not_scored_requires_more_evidence,v2.38K-us-experimental-scoring
U00305,AVBH,CANDIDATE_MATRIX_PARTIAL_FUNDAMENTALS,REVIEW_REQUIRED,false,,,not_scored_requires_more_evidence,v2.38K-us-experimental-scoring
U00306,AVBP,CANDIDATE_MATRIX_PARTIAL_FUNDAMENTALS,REVIEW_REQUIRED,false,,,not_scored_requires_more_evidence,v2.38K-us-experimental-scoring
U00308,AVIR,CANDIDATE_MATRIX_PARTIAL_FUNDAMENTALS,REVIEW_REQUIRED,false,,,not_scored_requires_more_evidence,v2.38K-us-experimental-scoring
U00309,AVLN,CANDIDATE_MATRIX_PARTIAL_PRICE,REVIEW_REQUIRED,false,,,not_scored_requires_more_evidence,v2.38K-us-experimental-scoring
U00313,AVR,CANDIDATE_MATRIX_PARTIAL_FUNDAMENTALS,REVIEW_REQUIRED,false,,,not_scored_requires_more_evidence,v2.38K-us-experimental-scoring
U00315,AVTX,CANDIDATE_MATRIX_PARTIAL_FUNDAMENTALS,REVIEW_REQUIRED,false,,,not_scored_requires_more_evidence,v2.38K-us-experimental-scoring
U00316,AVX,CANDIDATE_MATRIX_PARTIAL_FUNDAMENTALS,REVIEW_REQUIRED,false,,,not_scored_requires_more_evidence,v2.38K-us-experimental-scoring
U00317,AVXL,CANDIDATE_MATRIX_PARTIAL_FUNDAMENTALS,REVIEW_REQUIRED,false,,,not_scored_requires_more_evidence,v2.38K-us-experimental-scoring
U00318,AWRE,CANDIDATE_MATRIX_PARTIAL_FUNDAMENTALS,REVIEW_REQUIRED,false,,,not_scored_requires_more_evidence,v2.38K-us-experimental-scoring
U00328,AZI,CANDIDATE_MATRIX_PARTIAL_FUNDAMENTALS,REVIEW_REQUIRED,false,,,not_scored_requires_more_evidence,v2.38K-us-experimental-scoring
U00332,BAFN,CANDIDATE_MATRIX_PARTIAL_FUNDAMENTALS,REVIEW_REQUIRED,false,,,not_scored_requires_more_evidence,v2.38K-us-experimental-scoring
U00345,BBIO,CANDIDATE_MATRIX_PARTIAL_FUNDAMENTALS,REVIEW_REQUIRED,false,,,not_scored_requires_more_evidence,v2.38K-us-experimental-scoring
U00346,BBLG,CANDIDATE_MATRIX_PARTIAL_FUNDAMENTALS,REVIEW_REQUIRED,false,,,not_scored_requires_more_evidence,v2.38K-us-experimental-scoring
U00348,BBOT,CANDIDATE_MATRIX_PARTIAL_FUNDAMENTALS,REVIEW_REQUIRED,false,,,not_scored_requires_more_evidence,v2.38K-us-experimental-scoring
U00349,BBSI,CANDIDATE_MATRIX_PARTIAL_FUNDAMENTALS,REVIEW_REQUIRED,false,,,not_scored_requires_more_evidence,v2.38K-us-experimental-scoring
U00350,BCAB,CANDIDATE_MATRIX_PARTIAL_FUNDAMENTALS,REVIEW_REQUIRED,false,,,not_scored_requires_more_evidence,v2.38K-us-experimental-scoring
U00353,BCAX,CANDIDATE_MATRIX_PARTIAL_FUNDAMENTALS,REVIEW_REQUIRED,false,,,not_scored_requires_more_evidence,v2.38K-us-experimental-scoring
U00354,BCBP,CANDIDATE_MATRIX_PARTIAL_FUNDAMENTALS,REVIEW_REQUIRED,false,,,not_scored_requires_more_evidence,v2.38K-us-experimental-scoring
U00355,BCDA,CANDIDATE_MATRIX_PARTIAL_FUNDAMENTALS,REVIEW_REQUIRED,false,,,not_scored_requires_more_evidence,v2.38K-us-experimental-scoring
U00360,BCRX,CANDIDATE_MATRIX_PARTIAL_FUNDAMENTALS,REVIEW_REQUIRED,false,,,not_scored_requires_more_evidence,v2.38K-us-experimental-scoring
U00361,BCTX,CANDIDATE_MATRIX_PARTIAL_FUNDAMENTALS,REVIEW_REQUIRED,false,,,not_scored_requires_more_evidence,v2.38K-us-experimental-scoring
U00362,BDCI,CANDIDATE_MATRIX_PARTIAL_PRICE,REVIEW_REQUIRED,false,,,not_scored_requires_more_evidence,v2.38K-us-experimental-scoring
U00365,BDTX,CANDIDATE_MATRIX_PARTIAL_FUNDAMENTALS,REVIEW_REQUIRED,false,,,not_scored_requires_more_evidence,v2.38K-us-experimental-scoring
U00368,BEAT,CANDIDATE_MATRIX_PARTIAL_FUNDAMENTALS,REVIEW_REQUIRED,false,,,not_scored_requires_more_evidence,v2.38K-us-experimental-scoring
U00370,BEEP,CANDIDATE_MATRIX_PARTIAL_FUNDAMENTALS,REVIEW_REQUIRED,false,,,not_scored_requires_more_evidence,v2.38K-us-experimental-scoring
U00373,BENF,CANDIDATE_MATRIX_PARTIAL_FUNDAMENTALS,REVIEW_REQUIRED,false,,,not_scored_requires_more_evidence,v2.38K-us-experimental-scoring
U00376,BFRG,CANDIDATE_MATRIX_PARTIAL_FUNDAMENTALS,REVIEW_REQUIRED,false,,,not_scored_requires_more_evidence,v2.38K-us-experimental-scoring
U00380,BGDE,CANDIDATE_MATRIX_PARTIAL_FUNDAMENTALS,REVIEW_REQUIRED,false,,,not_scored_requires_more_evidence,v2.38K-us-experimental-scoring
U00381,BGIN,CANDIDATE_MATRIX_PARTIAL_PRICE,REVIEW_REQUIRED,false,,,not_scored_requires_more_evidence,v2.38K-us-experimental-scoring
U00382,BGL,CANDIDATE_MATRIX_PARTIAL_FUNDAMENTALS,REVIEW_REQUIRED,false,,,not_scored_requires_more_evidence,v2.38K-us-experimental-scoring
U00385,BGMS,CANDIDATE_MATRIX_PARTIAL_FUNDAMENTALS,REVIEW_REQUIRED,false,,,not_scored_requires_more_evidence,v2.38K-us-experimental-scoring
U00388,BHST,CANDIDATE_MATRIX_PARTIAL_FUNDAMENTALS,REVIEW_REQUIRED,false,,,not_scored_requires_more_evidence,v2.38K-us-experimental-scoring
U00393,BIRD,CANDIDATE_MATRIX_PARTIAL_FUNDAMENTALS,REVIEW_REQUIRED,false,,,not_scored_requires_more_evidence,v2.38K-us-experimental-scoring
U00394,BIVI,CANDIDATE_MATRIX_PARTIAL_FUNDAMENTALS,REVIEW_REQUIRED,false,,,not_scored_requires_more_evidence,v2.38K-us-experimental-scoring
U00397,BJDX,CANDIDATE_MATRIX_PARTIAL_FUNDAMENTALS,REVIEW_REQUIRED,false,,,not_scored_requires_more_evidence,v2.38K-us-experimental-scoring
U00400,BKNG,CANDIDATE_MATRIX_PARTIAL_FUNDAMENTALS,REVIEW_REQUIRED,false,,,not_scored_requires_more_evidence,v2.38K-us-experimental-scoring
U00405,BLFS,CANDIDATE_MATRIX_PARTIAL_FUNDAMENTALS,REVIEW_REQUIRED,false,,,not_scored_requires_more_evidence,v2.38K-us-experimental-scoring
U00409,BLLN,CANDIDATE_MATRIX_PARTIAL_PRICE,REVIEW_REQUIRED,false,,,not_scored_requires_more_evidence,v2.38K-us-experimental-scoring
U00418,BMEA,CANDIDATE_MATRIX_PARTIAL_FUNDAMENTALS,REVIEW_REQUIRED,false,,,not_scored_requires_more_evidence,v2.38K-us-experimental-scoring
U00423,BMRA,CANDIDATE_MATRIX_PARTIAL_FUNDAMENTALS,REVIEW_REQUIRED,false,,,not_scored_requires_more_evidence,v2.38K-us-experimental-scoring
U00424,BMRC,CANDIDATE_MATRIX_PARTIAL_FUNDAMENTALS,REVIEW_REQUIRED,false,,,not_scored_requires_more_evidence,v2.38K-us-experimental-scoring
U00427,BNBX,CANDIDATE_MATRIX_PARTIAL_FUNDAMENTALS,REVIEW_REQUIRED,false,,,not_scored_requires_more_evidence,v2.38K-us-experimental-scoring
U00429,BNGO,CANDIDATE_MATRIX_PARTIAL_FUNDAMENTALS,REVIEW_REQUIRED,false,,,not_scored_requires_more_evidence,v2.38K-us-experimental-scoring
U00430,BNKK,CANDIDATE_MATRIX_PARTIAL_FUNDAMENTALS,REVIEW_REQUIRED,false,,,not_scored_requires_more_evidence,v2.38K-us-experimental-scoring
U00432,BNTC,CANDIDATE_MATRIX_PARTIAL_FUNDAMENTALS,REVIEW_REQUIRED,false,,,not_scored_requires_more_evidence,v2.38K-us-experimental-scoring
U00436,BOKF,CANDIDATE_MATRIX_PARTIAL_FUNDAMENTALS,REVIEW_REQUIRED,false,,,not_scored_requires_more_evidence,v2.38K-us-experimental-scoring
U00437,BOLD,CANDIDATE_MATRIX_PARTIAL_FUNDAMENTALS,REVIEW_REQUIRED,false,,,not_scored_requires_more_evidence,v2.38K-us-experimental-scoring
U00451,BRCB,CANDIDATE_MATRIX_PARTIAL_PRICE,REVIEW_REQUIRED,false,,,not_scored_requires_more_evidence,v2.38K-us-experimental-scoring
U00456,BRLS,CANDIDATE_MATRIX_PARTIAL_FUNDAMENTALS,REVIEW_REQUIRED,false,,,not_scored_requires_more_evidence,v2.38K-us-experimental-scoring
U00458,BRR,CANDIDATE_MATRIX_PARTIAL_FUNDAMENTALS,REVIEW_REQUIRED,false,,,not_scored_requires_more_evidence,v2.38K-us-experimental-scoring
U00460,BRUN,CANDIDATE_MATRIX_PARTIAL_FUNDAMENTALS,REVIEW_REQUIRED,false,,,not_scored_requires_more_evidence,v2.38K-us-experimental-scoring
U00463,BSBK,CANDIDATE_MATRIX_PARTIAL_FUNDAMENTALS,REVIEW_REQUIRED,false,,,not_scored_requires_more_evidence,v2.38K-us-experimental-scoring
U00478,BTOG,CANDIDATE_MATRIX_PARTIAL_FUNDAMENTALS,REVIEW_REQUIRED,false,,,not_scored_requires_more_evidence,v2.38K-us-experimental-scoring
U00480,BTTC,CANDIDATE_MATRIX_PARTIAL_FUNDAMENTALS,REVIEW_REQUIRED,false,,,not_scored_requires_more_evidence,v2.38K-us-experimental-scoring
U00481,BULL,CANDIDATE_MATRIX_PARTIAL_FUNDAMENTALS,REVIEW_REQUIRED,false,,,not_scored_requires_more_evidence,v2.38K-us-experimental-scoring
U00484,BVC,CANDIDATE_MATRIX_PARTIAL_FUNDAMENTALS,REVIEW_REQUIRED,false,,,not_scored_requires_more_evidence,v2.38K-us-experimental-scoring
U00488,BWEN,CANDIDATE_MATRIX_PARTIAL_FUNDAMENTALS,REVIEW_REQUIRED,false,,,not_scored_requires_more_evidence,v2.38K-us-experimental-scoring
U00496,BYSI,CANDIDATE_MATRIX_PARTIAL_FUNDAMENTALS,REVIEW_REQUIRED,false,,,not_scored_requires_more_evidence,v2.38K-us-experimental-scoring
U00501,CABA,CANDIDATE_MATRIX_PARTIAL_FUNDAMENTALS,REVIEW_REQUIRED,false,,,not_scored_requires_more_evidence,v2.38K-us-experimental-scoring
U00502,CABR,CANDIDATE_MATRIX_PARTIAL_FUNDAMENTALS,REVIEW_REQUIRED,false,,,not_scored_requires_more_evidence,v2.38K-us-experimental-scoring
U00505,CADL,CANDIDATE_MATRIX_PARTIAL_FUNDAMENTALS,REVIEW_REQUIRED,false,,,not_scored_requires_more_evidence,v2.38K-us-experimental-scoring
U00506,CAES,CANDIDATE_MATRIX_PARTIAL_PRICE,REVIEW_REQUIRED,false,,,not_scored_requires_more_evidence,v2.38K-us-experimental-scoring
U00507,CAI,CANDIDATE_MATRIX_PARTIAL_FUNDAMENTALS,REVIEW_REQUIRED,false,,,not_scored_requires_more_evidence,v2.38K-us-experimental-scoring
U00510,CALC,CANDIDATE_MATRIX_PARTIAL_FUNDAMENTALS,REVIEW_REQUIRED,false,,,not_scored_requires_more_evidence,v2.38K-us-experimental-scoring
U00515,CAPR,CANDIDATE_MATRIX_PARTIAL_FUNDAMENTALS,REVIEW_REQUIRED,false,,,not_scored_requires_more_evidence,v2.38K-us-experimental-scoring
U00516,CAPS,CANDIDATE_MATRIX_PARTIAL_FUNDAMENTALS,REVIEW_REQUIRED,false,,,not_scored_requires_more_evidence,v2.38K-us-experimental-scoring
U00518,CAR,CANDIDATE_MATRIX_PARTIAL_FUNDAMENTALS,REVIEW_REQUIRED,false,,,not_scored_requires_more_evidence,v2.38K-us-experimental-scoring
U00521,CARL,CANDIDATE_MATRIX_PARTIAL_FUNDAMENTALS,REVIEW_REQUIRED,false,,,not_scored_requires_more_evidence,v2.38K-us-experimental-scoring
U00525,CAST,CANDIDATE_MATRIX_PARTIAL_PRICE,REVIEW_REQUIRED,false,,,not_scored_requires_more_evidence,v2.38K-us-experimental-scoring
U00529,CBC,CANDIDATE_MATRIX_PARTIAL_PRICE,REVIEW_REQUIRED,false,,,not_scored_requires_more_evidence,v2.38K-us-experimental-scoring
U00532,CBK,CANDIDATE_MATRIX_PARTIAL_PRICE,REVIEW_REQUIRED,false,,,not_scored_requires_more_evidence,v2.38K-us-experimental-scoring
U00534,CBNK,CANDIDATE_MATRIX_PARTIAL_FUNDAMENTALS,REVIEW_REQUIRED,false,,,not_scored_requires_more_evidence,v2.38K-us-experimental-scoring
U00536,CBRS,CANDIDATE_MATRIX_PARTIAL_PRICE,REVIEW_REQUIRED,false,,,not_scored_requires_more_evidence,v2.38K-us-experimental-scoring
U00539,CCAP,CANDIDATE_MATRIX_PARTIAL_FUNDAMENTALS,REVIEW_REQUIRED,false,,,not_scored_requires_more_evidence,v2.38K-us-experimental-scoring
U00543,CCC,CANDIDATE_MATRIX_PARTIAL_PRICE,REVIEW_REQUIRED,false,,,not_scored_requires_more_evidence,v2.38K-us-experimental-scoring
U00546,CCEC,CANDIDATE_MATRIX_PARTIAL_FUNDAMENTALS,REVIEW_REQUIRED,false,,,not_scored_requires_more_evidence,v2.38K-us-experimental-scoring
U00548,CCG,CANDIDATE_MATRIX_PARTIAL_FUNDAMENTALS,REVIEW_REQUIRED,false,,,not_scored_requires_more_evidence,v2.38K-us-experimental-scoring
U00549,CCHH,CANDIDATE_MATRIX_PARTIAL_PRICE,REVIEW_REQUIRED,false,,,not_scored_requires_more_evidence,v2.38K-us-experimental-scoring
U00554,CCOI,CANDIDATE_MATRIX_PARTIAL_FUNDAMENTALS,REVIEW_REQUIRED,false,,,not_scored_requires_more_evidence,v2.38K-us-experimental-scoring
U00558,CCXI,CANDIDATE_MATRIX_PARTIAL_PRICE,REVIEW_REQUIRED,false,,,not_scored_requires_more_evidence,v2.38K-us-experimental-scoring
U00563,CDNL,CANDIDATE_MATRIX_PARTIAL_PRICE,REVIEW_REQUIRED,false,,,not_scored_requires_more_evidence,v2.38K-us-experimental-scoring
U00566,CDT,CANDIDATE_MATRIX_PARTIAL_FUNDAMENTALS,REVIEW_REQUIRED,false,,,not_scored_requires_more_evidence,v2.38K-us-experimental-scoring
U00573,CELC,CANDIDATE_MATRIX_PARTIAL_FUNDAMENTALS,REVIEW_REQUIRED,false,,,not_scored_requires_more_evidence,v2.38K-us-experimental-scoring
U00576,CELZ,CANDIDATE_MATRIX_PARTIAL_FUNDAMENTALS,REVIEW_REQUIRED,false,,,not_scored_requires_more_evidence,v2.38K-us-experimental-scoring
U00577,CENN,CANDIDATE_MATRIX_PARTIAL_FUNDAMENTALS,REVIEW_REQUIRED,false,,,not_scored_requires_more_evidence,v2.38K-us-experimental-scoring
U00581,CEPF,CANDIDATE_MATRIX_PARTIAL_FUNDAMENTALS,REVIEW_REQUIRED,false,,,not_scored_requires_more_evidence,v2.38K-us-experimental-scoring
U00582,CEPO,CANDIDATE_MATRIX_PARTIAL_FUNDAMENTALS,REVIEW_REQUIRED,false,,,not_scored_requires_more_evidence,v2.38K-us-experimental-scoring
U00583,CEPS,CANDIDATE_MATRIX_PARTIAL_PRICE,REVIEW_REQUIRED,false,,,not_scored_requires_more_evidence,v2.38K-us-experimental-scoring
U00584,CEPV,CANDIDATE_MATRIX_PARTIAL_PRICE,REVIEW_REQUIRED,false,,,not_scored_requires_more_evidence,v2.38K-us-experimental-scoring
U00589,CEVA,CANDIDATE_MATRIX_PARTIAL_FUNDAMENTALS,REVIEW_REQUIRED,false,,,not_scored_requires_more_evidence,v2.38K-us-experimental-scoring
U00595,CGC,CANDIDATE_MATRIX_PARTIAL_FUNDAMENTALS,REVIEW_REQUIRED,false,,,not_scored_requires_more_evidence,v2.38K-us-experimental-scoring
U00596,CGEM,CANDIDATE_MATRIX_PARTIAL_FUNDAMENTALS,REVIEW_REQUIRED,false,,,not_scored_requires_more_evidence,v2.38K-us-experimental-scoring
U00598,CGNT,CANDIDATE_MATRIX_PARTIAL_FUNDAMENTALS,REVIEW_REQUIRED,false,,,not_scored_requires_more_evidence,v2.38K-us-experimental-scoring
U00601,CGON,CANDIDATE_MATRIX_PARTIAL_FUNDAMENTALS,REVIEW_REQUIRED,false,,,not_scored_requires_more_evidence,v2.38K-us-experimental-scoring
U00603,CGTX,CANDIDATE_MATRIX_PARTIAL_FUNDAMENTALS,REVIEW_REQUIRED,false,,,not_scored_requires_more_evidence,v2.38K-us-experimental-scoring
U00604,CHAI,CANDIDATE_MATRIX_PARTIAL_FUNDAMENTALS,REVIEW_REQUIRED,false,,,not_scored_requires_more_evidence,v2.38K-us-experimental-scoring
U00608,CHDN,CANDIDATE_MATRIX_PARTIAL_FUNDAMENTALS,REVIEW_REQUIRED,false,,,not_scored_requires_more_evidence,v2.38K-us-experimental-scoring
U00618,CHRN,CANDIDATE_MATRIX_PARTIAL_FUNDAMENTALS,REVIEW_REQUIRED,false,,,not_scored_requires_more_evidence,v2.38K-us-experimental-scoring
U00619,CHRS,CANDIDATE_MATRIX_PARTIAL_FUNDAMENTALS,REVIEW_REQUIRED,false,,,not_scored_requires_more_evidence,v2.38K-us-experimental-scoring
U00625,CHYM,CANDIDATE_MATRIX_PARTIAL_FUNDAMENTALS,REVIEW_REQUIRED,false,,,not_scored_requires_more_evidence,v2.38K-us-experimental-scoring
U00627,CIGI,CANDIDATE_MATRIX_PARTIAL_FUNDAMENTALS,REVIEW_REQUIRED,false,,,not_scored_requires_more_evidence,v2.38K-us-experimental-scoring
U00630,CING,CANDIDATE_MATRIX_PARTIAL_FUNDAMENTALS,REVIEW_REQUIRED,false,,,not_scored_requires_more_evidence,v2.38K-us-experimental-scoring
U00631,CIRC,CANDIDATE_MATRIX_PARTIAL_PRICE,REVIEW_REQUIRED,false,,,not_scored_requires_more_evidence,v2.38K-us-experimental-scoring
U00637,CLBK,CANDIDATE_MATRIX_PARTIAL_FUNDAMENTALS,REVIEW_REQUIRED,false,,,not_scored_requires_more_evidence,v2.38K-us-experimental-scoring
U00640,CLFD,CANDIDATE_MATRIX_PARTIAL_FUNDAMENTALS,REVIEW_REQUIRED,false,,,not_scored_requires_more_evidence,v2.38K-us-experimental-scoring
U00642,CLIK,CANDIDATE_MATRIX_PARTIAL_FUNDAMENTALS,REVIEW_REQUIRED,false,,,not_scored_requires_more_evidence,v2.38K-us-experimental-scoring
U00643,CLIR,CANDIDATE_MATRIX_PARTIAL_FUNDAMENTALS,REVIEW_REQUIRED,false,,,not_scored_requires_more_evidence,v2.38K-us-experimental-scoring
U00651,CLRB,CANDIDATE_MATRIX_PARTIAL_FUNDAMENTALS,REVIEW_REQUIRED,false,,,not_scored_requires_more_evidence,v2.38K-us-experimental-scoring
U00652,CLRO,CANDIDATE_MATRIX_PARTIAL_FUNDAMENTALS,REVIEW_REQUIRED,false,,,not_scored_requires_more_evidence,v2.38K-us-experimental-scoring
U00654,CLST,CANDIDATE_MATRIX_PARTIAL_FUNDAMENTALS,REVIEW_REQUIRED,false,,,not_scored_requires_more_evidence,v2.38K-us-experimental-scoring
U00656,CLYM,CANDIDATE_MATRIX_PARTIAL_FUNDAMENTALS,REVIEW_REQUIRED,false,,,not_scored_requires_more_evidence,v2.38K-us-experimental-scoring
