asset_id,ticker,company_name,exchange,reason,phase
U08009,AAAA,,CBOE,invalid_identity,v2.38J-us-candidate-feature-matrix
U08010,AAOX,,CBOE,invalid_identity,v2.38J-us-candidate-feature-matrix
U08011,AAPR,,CBOE,invalid_identity,v2.38J-us-candidate-feature-matrix
U08012,AAPW,,CBOE,invalid_identity,v2.38J-us-candidate-feature-matrix
U08013,AAPX,,CBOE,invalid_identity,v2.38J-us-candidate-feature-matrix
U08014,AAPY,,CBOE,invalid_identity,v2.38J-us-candidate-feature-matrix
U08015,AAUA,,CBOE,invalid_identity,v2.38J-us-candidate-feature-matrix
U08016,AAUM,,CBOE,invalid_identity,v2.38J-us-candidate-feature-matrix
U08017,ABFL,,CBOE,invalid_identity,v2.38J-us-candidate-feature-matrix
U08018,ABLD,,CBOE,invalid_identity,v2.38J-us-candidate-feature-matrix
U08019,ABLG,,CBOE,invalid_identity,v2.38J-us-candidate-feature-matrix
U08020,ABLS,,CBOE,invalid_identity,v2.38J-us-candidate-feature-matrix
U08021,ABOT,,CBOE,invalid_identity,v2.38J-us-candidate-feature-matrix
U08022,ABUF,,CBOE,invalid_identity,v2.38J-us-candidate-feature-matrix
U08023,ABXB,,CBOE,invalid_identity,v2.38J-us-candidate-feature-matrix
U08024,ACIO,,CBOE,invalid_identity,v2.38J-us-candidate-feature-matrix
U08025,ACSG,,CBOE,invalid_identity,v2.38J-us-candidate-feature-matrix
U08026,ACSI,,CBOE,invalid_identity,v2.38J-us-candidate-feature-matrix
U08027,ACSV,,CBOE,invalid_identity,v2.38J-us-candidate-feature-matrix
U08028,ACWV,,CBOE,invalid_identity,v2.38J-us-candidate-feature-matrix
U08029,ADFI,,CBOE,invalid_identity,v2.38J-us-candidate-feature-matrix
U08030,ADME,,CBOE,invalid_identity,v2.38J-us-candidate-feature-matrix
U08031,AEMS,,CBOE,invalid_identity,v2.38J-us-candidate-feature-matrix
U08032,AESR,,CBOE,invalid_identity,v2.38J-us-candidate-feature-matrix
U08033,AFIF,,CBOE,invalid_identity,v2.38J-us-candidate-feature-matrix
U08034,AFRU,,CBOE,invalid_identity,v2.38J-us-candidate-feature-matrix
U08035,AIOO,,CBOE,invalid_identity,v2.38J-us-candidate-feature-matrix
U08036,AJAN,,CBOE,invalid_identity,v2.38J-us-candidate-feature-matrix
U08037,AJUL,,CBOE,invalid_identity,v2.38J-us-candidate-feature-matrix
U08038,AMDW,,CBOE,invalid_identity,v2.38J-us-candidate-feature-matrix
U08039,AMZO,,CBOE,invalid_identity,v2.38J-us-candidate-feature-matrix
U08040,AMZP,,CBOE,invalid_identity,v2.38J-us-candidate-feature-matrix
U08041,AMZW,,CBOE,invalid_identity,v2.38J-us-candidate-feature-matrix
U08042,AOCT,,CBOE,invalid_identity,v2.38J-us-candidate-feature-matrix
U08043,APHU,,CBOE,invalid_identity,v2.38J-us-candidate-feature-matrix
U08044,APLX,,CBOE,invalid_identity,v2.38J-us-candidate-feature-matrix
U08045,APLZ,,CBOE,invalid_identity,v2.38J-us-candidate-feature-matrix
U08046,APOC,,CBOE,invalid_identity,v2.38J-us-candidate-feature-matrix
U08047,APRB,,CBOE,invalid_identity,v2.38J-us-candidate-feature-matrix
U08048,APRH,,CBOE,invalid_identity,v2.38J-us-candidate-feature-matrix
U08049,APRJ,,CBOE,invalid_identity,v2.38J-us-candidate-feature-matrix
U08050,APRP,,CBOE,invalid_identity,v2.38J-us-candidate-feature-matrix
U08051,APRT,,CBOE,invalid_identity,v2.38J-us-candidate-feature-matrix
U08052,APRW,,CBOE,invalid_identity,v2.38J-us-candidate-feature-matrix
U08053,APRZ,,CBOE,invalid_identity,v2.38J-us-candidate-feature-matrix
U08054,APXM,,CBOE,invalid_identity,v2.38J-us-candidate-feature-matrix
U08055,AQEC,,CBOE,invalid_identity,v2.38J-us-candidate-feature-matrix
U08056,AQLT,,CBOE,invalid_identity,v2.38J-us-candidate-feature-matrix
U08057,ARCM,,CBOE,invalid_identity,v2.38J-us-candidate-feature-matrix
U08058,ARCX,,CBOE,invalid_identity,v2.38J-us-candidate-feature-matrix
U08059,ARKD,,CBOE,invalid_identity,v2.38J-us-candidate-feature-matrix
U08060,ARKF,,CBOE,invalid_identity,v2.38J-us-candidate-feature-matrix
U08061,ARKG,,CBOE,invalid_identity,v2.38J-us-candidate-feature-matrix
U08062,ARKK,,CBOE,invalid_identity,v2.38J-us-candidate-feature-matrix
U08063,ARKQ,,CBOE,invalid_identity,v2.38J-us-candidate-feature-matrix
U08064,ARKT,,CBOE,invalid_identity,v2.38J-us-candidate-feature-matrix
U08065,ARKW,,CBOE,invalid_identity,v2.38J-us-candidate-feature-matrix
U08066,ARKX,,CBOE,invalid_identity,v2.38J-us-candidate-feature-matrix
U08067,ARLU,,CBOE,invalid_identity,v2.38J-us-candidate-feature-matrix
U08068,ARMW,,CBOE,invalid_identity,v2.38J-us-candidate-feature-matrix
U08069,ARWG,,CBOE,invalid_identity,v2.38J-us-candidate-feature-matrix
U08070,ASTN,,CBOE,invalid_identity,v2.38J-us-candidate-feature-matrix
U08071,ASTX,,CBOE,invalid_identity,v2.38J-us-candidate-feature-matrix
U08072,ATTR,,CBOE,invalid_identity,v2.38J-us-candidate-feature-matrix
U08073,AUGM,,CBOE,invalid_identity,v2.38J-us-candidate-feature-matrix
U08074,AUGP,,CBOE,invalid_identity,v2.38J-us-candidate-feature-matrix
U08075,AUGT,,CBOE,invalid_identity,v2.38J-us-candidate-feature-matrix
U08076,AUGU,,CBOE,invalid_identity,v2.38J-us-candidate-feature-matrix
U08077,AUGW,,CBOE,invalid_identity,v2.38J-us-candidate-feature-matrix
U08078,AUGZ,,CBOE,invalid_identity,v2.38J-us-candidate-feature-matrix
U08079,AVGW,,CBOE,invalid_identity,v2.38J-us-candidate-feature-matrix
U08080,AVRY,,CBOE,invalid_identity,v2.38J-us-candidate-feature-matrix
U08081,BABW,,CBOE,invalid_identity,v2.38J-us-candidate-feature-matrix
U08082,BAGY,,CBOE,invalid_identity,v2.38J-us-candidate-feature-matrix
U08083,BALI,,CBOE,invalid_identity,v2.38J-us-candidate-feature-matrix
U08084,BALT,,CBOE,invalid_identity,v2.38J-us-candidate-feature-matrix
U08085,BAMA,,CBOE,invalid_identity,v2.38J-us-candidate-feature-matrix
U08086,BAMB,,CBOE,invalid_identity,v2.38J-us-candidate-feature-matrix
U08087,BAMD,,CBOE,invalid_identity,v2.38J-us-candidate-feature-matrix
U08088,BAMG,,CBOE,invalid_identity,v2.38J-us-candidate-feature-matrix
U08089,BAMO,,CBOE,invalid_identity,v2.38J-us-candidate-feature-matrix
U08090,BAMU,,CBOE,invalid_identity,v2.38J-us-candidate-feature-matrix
U08091,BAMV,,CBOE,invalid_identity,v2.38J-us-candidate-feature-matrix
U08092,BAMY,,CBOE,invalid_identity,v2.38J-us-candidate-feature-matrix
U08093,BAPR,,CBOE,invalid_identity,v2.38J-us-candidate-feature-matrix
U08094,BAUG,,CBOE,invalid_identity,v2.38J-us-candidate-feature-matrix
U08095,BBAX,,CBOE,invalid_identity,v2.38J-us-candidate-feature-matrix
U08096,BBCA,,CBOE,invalid_identity,v2.38J-us-candidate-feature-matrix
U08097,BBEM,,CBOE,invalid_identity,v2.38J-us-candidate-feature-matrix
U08098,BBEU,,CBOE,invalid_identity,v2.38J-us-candidate-feature-matrix
U08099,BBHY,,CBOE,invalid_identity,v2.38J-us-candidate-feature-matrix
U08100,BBIB,,CBOE,invalid_identity,v2.38J-us-candidate-feature-matrix
U08101,BBIN,,CBOE,invalid_identity,v2.38J-us-candidate-feature-matrix
U08102,BBJP,,CBOE,invalid_identity,v2.38J-us-candidate-feature-matrix
U08103,BBLB,,CBOE,invalid_identity,v2.38J-us-candidate-feature-matrix
U08104,BBRE,,CBOE,invalid_identity,v2.38J-us-candidate-feature-matrix
U08105,BBSB,,CBOE,invalid_identity,v2.38J-us-candidate-feature-matrix
U08106,BBUS,,CBOE,invalid_identity,v2.38J-us-candidate-feature-matrix
U08107,BCCC,,CBOE,invalid_identity,v2.38J-us-candidate-feature-matrix
U08108,BCHP,,CBOE,invalid_identity,v2.38J-us-candidate-feature-matrix
U08109,BCKT,,CBOE,invalid_identity,v2.38J-us-candidate-feature-matrix
U08110,BDEC,,CBOE,invalid_identity,v2.38J-us-candidate-feature-matrix
U08111,BEGS,,CBOE,invalid_identity,v2.38J-us-candidate-feature-matrix
U08112,BEMB,,CBOE,invalid_identity,v2.38J-us-candidate-feature-matrix
U08113,BESF,,CBOE,invalid_identity,v2.38J-us-candidate-feature-matrix
U08114,BEX,,CBOE,invalid_identity,v2.38J-us-candidate-feature-matrix
U08115,BEZ,,CBOE,invalid_identity,v2.38J-us-candidate-feature-matrix
U08116,BFEB,,CBOE,invalid_identity,v2.38J-us-candidate-feature-matrix
U08117,BFLB,,CBOE,invalid_identity,v2.38J-us-candidate-feature-matrix
U08118,BGLD,,CBOE,invalid_identity,v2.38J-us-candidate-feature-matrix
U08119,BHYB,,CBOE,invalid_identity,v2.38J-us-candidate-feature-matrix
U08120,BILT,,CBOE,invalid_identity,v2.38J-us-candidate-feature-matrix
U08121,BINV,,CBOE,invalid_identity,v2.38J-us-candidate-feature-matrix
U08122,BITK,,CBOE,invalid_identity,v2.38J-us-candidate-feature-matrix
U08123,BITX,,CBOE,invalid_identity,v2.38J-us-candidate-feature-matrix
U08124,BITY,,CBOE,invalid_identity,v2.38J-us-candidate-feature-matrix
U08125,BJAN,,CBOE,invalid_identity,v2.38J-us-candidate-feature-matrix
U08126,BJUL,,CBOE,invalid_identity,v2.38J-us-candidate-feature-matrix
U08127,BJUN,,CBOE,invalid_identity,v2.38J-us-candidate-feature-matrix
U08128,BKGI,,CBOE,invalid_identity,v2.38J-us-candidate-feature-matrix
U08129,BLDG,,CBOE,invalid_identity,v2.38J-us-candidate-feature-matrix
U08130,BMAR,,CBOE,invalid_identity,v2.38J-us-candidate-feature-matrix
U08131,BMAY,,CBOE,invalid_identity,v2.38J-us-candidate-feature-matrix
U08132,BMNU,,CBOE,invalid_identity,v2.38J-us-candidate-feature-matrix
U08133,BNDY,,CBOE,invalid_identity,v2.38J-us-candidate-feature-matrix
U08134,BNOV,,CBOE,invalid_identity,v2.38J-us-candidate-feature-matrix
U08135,BOCT,,CBOE,invalid_identity,v2.38J-us-candidate-feature-matrix
U08136,BOXA,,CBOE,invalid_identity,v2.38J-us-candidate-feature-matrix
U08137,BOXX,,CBOE,invalid_identity,v2.38J-us-candidate-feature-matrix
U08138,BRKW,,CBOE,invalid_identity,v2.38J-us-candidate-feature-matrix
U08139,BRLN,,CBOE,invalid_identity,v2.38J-us-candidate-feature-matrix
U08140,BSEP,,CBOE,invalid_identity,v2.38J-us-candidate-feature-matrix
U08141,BSMC,,CBOE,invalid_identity,v2.38J-us-candidate-feature-matrix
U08142,BTCI,,CBOE,invalid_identity,v2.38J-us-candidate-feature-matrix
U08143,BTCL,,CBOE,invalid_identity,v2.38J-us-candidate-feature-matrix
U08144,BTCZ,,CBOE,invalid_identity,v2.38J-us-candidate-feature-matrix
U08145,BTFL,,CBOE,invalid_identity,v2.38J-us-candidate-feature-matrix
U08146,BUFB,,CBOE,invalid_identity,v2.38J-us-candidate-feature-matrix
U08147,BUFD,,CBOE,invalid_identity,v2.38J-us-candidate-feature-matrix
U08148,BUFF,,CBOE,invalid_identity,v2.38J-us-candidate-feature-matrix
U08149,BUFG,,CBOE,invalid_identity,v2.38J-us-candidate-feature-matrix
U08150,BUFH,,CBOE,invalid_identity,v2.38J-us-candidate-feature-matrix
U08151,BUFP,,CBOE,invalid_identity,v2.38J-us-candidate-feature-matrix
U08152,BUFQ,,CBOE,invalid_identity,v2.38J-us-candidate-feature-matrix
U08153,BUFR,,CBOE,invalid_identity,v2.38J-us-candidate-feature-matrix
U08154,BUFS,,CBOE,invalid_identity,v2.38J-us-candidate-feature-matrix
U08155,BUFT,,CBOE,invalid_identity,v2.38J-us-candidate-feature-matrix
U08156,BUFX,,CBOE,invalid_identity,v2.38J-us-candidate-feature-matrix
U08157,BUFY,,CBOE,invalid_identity,v2.38J-us-candidate-feature-matrix
U08158,BUFZ,,CBOE,invalid_identity,v2.38J-us-candidate-feature-matrix
U08159,BUSA,,CBOE,invalid_identity,v2.38J-us-candidate-feature-matrix
U08160,BUYW,,CBOE,invalid_identity,v2.38J-us-candidate-feature-matrix
U08161,BUYZ,,CBOE,invalid_identity,v2.38J-us-candidate-feature-matrix
U08162,BWTG,,CBOE,invalid_identity,v2.38J-us-candidate-feature-matrix
U08163,CABZ,,CBOE,invalid_identity,v2.38J-us-candidate-feature-matrix
U08164,CALF,,CBOE,invalid_identity,v2.38J-us-candidate-feature-matrix
U08165,CAOS,,CBOE,invalid_identity,v2.38J-us-candidate-feature-matrix
U08166,CBOA,,CBOE,invalid_identity,v2.38J-us-candidate-feature-matrix
U08167,CBOJ,,CBOE,invalid_identity,v2.38J-us-candidate-feature-matrix
U08168,CBOL,,CBOE,invalid_identity,v2.38J-us-candidate-feature-matrix
U08169,CBOO,,CBOE,invalid_identity,v2.38J-us-candidate-feature-matrix
U08170,CBOY,,CBOE,invalid_identity,v2.38J-us-candidate-feature-matrix
U08171,CBTA,,CBOE,invalid_identity,v2.38J-us-candidate-feature-matrix
U08172,CBTJ,,CBOE,invalid_identity,v2.38J-us-candidate-feature-matrix
U08173,CBTL,,CBOE,invalid_identity,v2.38J-us-candidate-feature-matrix
U08174,CBTO,,CBOE,invalid_identity,v2.38J-us-candidate-feature-matrix
U08175,CBTY,,CBOE,invalid_identity,v2.38J-us-candidate-feature-matrix
U08176,CBXA,,CBOE,invalid_identity,v2.38J-us-candidate-feature-matrix
U08177,CBXJ,,CBOE,invalid_identity,v2.38J-us-candidate-feature-matrix
U08178,CBXL,,CBOE,invalid_identity,v2.38J-us-candidate-feature-matrix
U08179,CBXO,,CBOE,invalid_identity,v2.38J-us-candidate-feature-matrix
U08180,CBXY,,CBOE,invalid_identity,v2.38J-us-candidate-feature-matrix
U08181,CCUP,,CBOE,invalid_identity,v2.38J-us-candidate-feature-matrix
U08182,CEFS,,CBOE,invalid_identity,v2.38J-us-candidate-feature-matrix
U08183,CEFZ,,CBOE,invalid_identity,v2.38J-us-candidate-feature-matrix
U08184,CEGX,,CBOE,invalid_identity,v2.38J-us-candidate-feature-matrix
U08185,CEMB,,CBOE,invalid_identity,v2.38J-us-candidate-feature-matrix
U08186,CFIT,,CBOE,invalid_identity,v2.38J-us-candidate-feature-matrix
U08187,CIFU,,CBOE,invalid_identity,v2.38J-us-candidate-feature-matrix
U08188,CLSE,,CBOE,invalid_identity,v2.38J-us-candidate-feature-matrix
U08189,CLSX,,CBOE,invalid_identity,v2.38J-us-candidate-feature-matrix
U08190,CLSZ,,CBOE,invalid_identity,v2.38J-us-candidate-feature-matrix
U08191,CMCI,,CBOE,invalid_identity,v2.38J-us-candidate-feature-matrix
U08192,CNAV,,CBOE,invalid_identity,v2.38J-us-candidate-feature-matrix
U08193,CNYA,,CBOE,invalid_identity,v2.38J-us-candidate-feature-matrix
U08194,COHX,,CBOE,invalid_identity,v2.38J-us-candidate-feature-matrix
U08195,COII,,CBOE,invalid_identity,v2.38J-us-candidate-feature-matrix
U08196,COIO,,CBOE,invalid_identity,v2.38J-us-candidate-feature-matrix
U08197,COIW,,CBOE,invalid_identity,v2.38J-us-candidate-feature-matrix
U08198,COMD,,CBOE,invalid_identity,v2.38J-us-candidate-feature-matrix
U08199,COPA,,CBOE,invalid_identity,v2.38J-us-candidate-feature-matrix
U08200,CORD,,CBOE,invalid_identity,v2.38J-us-candidate-feature-matrix
U08201,COSW,,CBOE,invalid_identity,v2.38J-us-candidate-feature-matrix
U08202,COWZ,,CBOE,invalid_identity,v2.38J-us-candidate-feature-matrix
U08203,COZX,,CBOE,invalid_identity,v2.38J-us-candidate-feature-matrix
U08204,CPSL,,CBOE,invalid_identity,v2.38J-us-candidate-feature-matrix
U08205,CRCD,,CBOE,invalid_identity,v2.38J-us-candidate-feature-matrix
U08206,CRDU,,CBOE,invalid_identity,v2.38J-us-candidate-feature-matrix
U08207,CRMX,,CBOE,invalid_identity,v2.38J-us-candidate-feature-matrix
U08208,CRWU,,CBOE,invalid_identity,v2.38J-us-candidate-feature-matrix
U08209,CSEX,,CBOE,invalid_identity,v2.38J-us-candidate-feature-matrix
U08210,CSM,,CBOE,invalid_identity,v2.38J-us-candidate-feature-matrix
U08211,CSTK,,CBOE,invalid_identity,v2.38J-us-candidate-feature-matrix
U08212,CTEF,,CBOE,invalid_identity,v2.38J-us-candidate-feature-matrix
U08213,CTIF,,CBOE,invalid_identity,v2.38J-us-candidate-feature-matrix
U08214,CVAR,,CBOE,invalid_identity,v2.38J-us-candidate-feature-matrix
U08215,CWII,,CBOE,invalid_identity,v2.38J-us-candidate-feature-matrix
U08216,CWVX,,CBOE,invalid_identity,v2.38J-us-candidate-feature-matrix
U08217,DAPR,,CBOE,invalid_identity,v2.38J-us-candidate-feature-matrix
U08218,DAUG,,CBOE,invalid_identity,v2.38J-us-candidate-feature-matrix
U08219,DDEC,,CBOE,invalid_identity,v2.38J-us-candidate-feature-matrix
U08220,DDFD,,CBOE,invalid_identity,v2.38J-us-candidate-feature-matrix
U08221,DDFF,,CBOE,invalid_identity,v2.38J-us-candidate-feature-matrix
U08222,DDFJ,,CBOE,invalid_identity,v2.38J-us-candidate-feature-matrix
U08223,DDFL,,CBOE,invalid_identity,v2.38J-us-candidate-feature-matrix
U08224,DDFM,,CBOE,invalid_identity,v2.38J-us-candidate-feature-matrix
U08225,DDFN,,CBOE,invalid_identity,v2.38J-us-candidate-feature-matrix
U08226,DDFO,,CBOE,invalid_identity,v2.38J-us-candidate-feature-matrix
U08227,DDFS,,CBOE,invalid_identity,v2.38J-us-candidate-feature-matrix
U08228,DDLS,,CBOE,invalid_identity,v2.38J-us-candidate-feature-matrix
U08229,DDNQ,,CBOE,invalid_identity,v2.38J-us-candidate-feature-matrix
U08230,DDSQ,,CBOE,invalid_identity,v2.38J-us-candidate-feature-matrix
U08231,DDTD,,CBOE,invalid_identity,v2.38J-us-candidate-feature-matrix
U08232,DDTF,,CBOE,invalid_identity,v2.38J-us-candidate-feature-matrix
U08233,DDTJ,,CBOE,invalid_identity,v2.38J-us-candidate-feature-matrix
U08234,DDTL,,CBOE,invalid_identity,v2.38J-us-candidate-feature-matrix
U08235,DDTM,,CBOE,invalid_identity,v2.38J-us-candidate-feature-matrix
U08236,DDTN,,CBOE,invalid_identity,v2.38J-us-candidate-feature-matrix
U08237,DDTO,,CBOE,invalid_identity,v2.38J-us-candidate-feature-matrix
U08238,DDTS,,CBOE,invalid_identity,v2.38J-us-candidate-feature-matrix
U08239,DDV,,CBOE,invalid_identity,v2.38J-us-candidate-feature-matrix
U08240,DDWM,,CBOE,invalid_identity,v2.38J-us-candidate-feature-matrix
U08241,DDX,,CBOE,invalid_identity,v2.38J-us-candidate-feature-matrix
U08242,DDXX,,CBOE,invalid_identity,v2.38J-us-candidate-feature-matrix
U08243,DECM,,CBOE,invalid_identity,v2.38J-us-candidate-feature-matrix
U08244,DECP,,CBOE,invalid_identity,v2.38J-us-candidate-feature-matrix
U08245,DECT,,CBOE,invalid_identity,v2.38J-us-candidate-feature-matrix
U08246,DECU,,CBOE,invalid_identity,v2.38J-us-candidate-feature-matrix
U08247,DECW,,CBOE,invalid_identity,v2.38J-us-candidate-feature-matrix
U08248,DECZ,,CBOE,invalid_identity,v2.38J-us-candidate-feature-matrix
U08249,DEFR,,CBOE,invalid_identity,v2.38J-us-candidate-feature-matrix
U08250,DFEB,,CBOE,invalid_identity,v2.38J-us-candidate-feature-matrix
U08251,DFIC,,CBOE,invalid_identity,v2.38J-us-candidate-feature-matrix
U08252,DFIS,,CBOE,invalid_identity,v2.38J-us-candidate-feature-matrix
U08253,DFNL,,CBOE,invalid_identity,v2.38J-us-candidate-feature-matrix
U08254,DGJA,,CBOE,invalid_identity,v2.38J-us-candidate-feature-matrix
U08255,DGOC,,CBOE,invalid_identity,v2.38J-us-candidate-feature-matrix
U08256,DHDG,,CBOE,invalid_identity,v2.38J-us-candidate-feature-matrix
U08257,DIHP,,CBOE,invalid_identity,v2.38J-us-candidate-feature-matrix
U08258,DINT,,CBOE,invalid_identity,v2.38J-us-candidate-feature-matrix
U08259,DISV,,CBOE,invalid_identity,v2.38J-us-candidate-feature-matrix
U08260,DIVB,,CBOE,invalid_identity,v2.38J-us-candidate-feature-matrix
U08261,DIVN,,CBOE,invalid_identity,v2.38J-us-candidate-feature-matrix
U08262,DJAN,,CBOE,invalid_identity,v2.38J-us-candidate-feature-matrix
U08263,DJTU,,CBOE,invalid_identity,v2.38J-us-candidate-feature-matrix
U08264,DJUL,,CBOE,invalid_identity,v2.38J-us-candidate-feature-matrix
U08265,DJUN,,CBOE,invalid_identity,v2.38J-us-candidate-feature-matrix
U08266,DLAG,,CBOE,invalid_identity,v2.38J-us-candidate-feature-matrix
U08267,DLFE,,CBOE,invalid_identity,v2.38J-us-candidate-feature-matrix
U08268,DLNV,,CBOE,invalid_identity,v2.38J-us-candidate-feature-matrix
U08269,DMAR,,CBOE,invalid_identity,v2.38J-us-candidate-feature-matrix
U08270,DMAX,,CBOE,invalid_identity,v2.38J-us-candidate-feature-matrix
U08271,DMAY,,CBOE,invalid_identity,v2.38J-us-candidate-feature-matrix
U08272,DNOV,,CBOE,invalid_identity,v2.38J-us-candidate-feature-matrix
U08273,DOCT,,CBOE,invalid_identity,v2.38J-us-candidate-feature-matrix
U08274,DOGD,,CBOE,invalid_identity,v2.38J-us-candidate-feature-matrix
U08275,DOGG,,CBOE,invalid_identity,v2.38J-us-candidate-feature-matrix
U08276,DOJE,,CBOE,invalid_identity,v2.38J-us-candidate-feature-matrix
U08277,DRGN,,CBOE,invalid_identity,v2.38J-us-candidate-feature-matrix
U08278,DRNL,,CBOE,invalid_identity,v2.38J-us-candidate-feature-matrix
U08279,DRSK,,CBOE,invalid_identity,v2.38J-us-candidate-feature-matrix
U08280,DSEP,,CBOE,invalid_identity,v2.38J-us-candidate-feature-matrix
U08281,DUBS,,CBOE,invalid_identity,v2.38J-us-candidate-feature-matrix
U08282,DURA,,CBOE,invalid_identity,v2.38J-us-candidate-feature-matrix
U08283,DUSA,,CBOE,invalid_identity,v2.38J-us-candidate-feature-matrix
U08284,DVVY,,CBOE,invalid_identity,v2.38J-us-candidate-feature-matrix
U08285,DWLD,,CBOE,invalid_identity,v2.38J-us-candidate-feature-matrix
U08286,EALT,,CBOE,invalid_identity,v2.38J-us-candidate-feature-matrix
U08287,EAOA,,CBOE,invalid_identity,v2.38J-us-candidate-feature-matrix
U08288,EAOK,,CBOE,invalid_identity,v2.38J-us-candidate-feature-matrix
U08289,EAOM,,CBOE,invalid_identity,v2.38J-us-candidate-feature-matrix
U08290,EAOR,,CBOE,invalid_identity,v2.38J-us-candidate-feature-matrix
U08291,ECH,,CBOE,invalid_identity,v2.38J-us-candidate-feature-matrix
U08292,EDEN,,CBOE,invalid_identity,v2.38J-us-candidate-feature-matrix
U08293,EDGE,,CBOE,invalid_identity,v2.38J-us-candidate-feature-matrix
U08294,EEMV,,CBOE,invalid_identity,v2.38J-us-candidate-feature-matrix
U08295,EFAD,,CBOE,invalid_identity,v2.38J-us-candidate-feature-matrix
U08296,EFAV,,CBOE,invalid_identity,v2.38J-us-candidate-feature-matrix
U08297,EFG,,CBOE,invalid_identity,v2.38J-us-candidate-feature-matrix
U08298,EFNL,,CBOE,invalid_identity,v2.38J-us-candidate-feature-matrix
U08299,EFV,,CBOE,invalid_identity,v2.38J-us-candidate-feature-matrix
U08300,EGUS,,CBOE,invalid_identity,v2.38J-us-candidate-feature-matrix
U08301,EHY,,CBOE,invalid_identity,v2.38J-us-candidate-feature-matrix
U08302,EMDV,,CBOE,invalid_identity,v2.38J-us-candidate-feature-matrix
U08303,EMGF,,CBOE,invalid_identity,v2.38J-us-candidate-feature-matrix
U08304,EMHY,,CBOE,invalid_identity,v2.38J-us-candidate-feature-matrix
U08305,EMTL,,CBOE,invalid_identity,v2.38J-us-candidate-feature-matrix
U08306,ENOR,,CBOE,invalid_identity,v2.38J-us-candidate-feature-matrix
U08307,ENPX,,CBOE,invalid_identity,v2.38J-us-candidate-feature-matrix
U08308,EOSU,,CBOE,invalid_identity,v2.38J-us-candidate-feature-matrix
U08309,EPRF,,CBOE,invalid_identity,v2.38J-us-candidate-feature-matrix
U08310,EQLT,,CBOE,invalid_identity,v2.38J-us-candidate-feature-matrix
U08311,ESG,,CBOE,invalid_identity,v2.38J-us-candidate-feature-matrix
U08312,ESGG,,CBOE,invalid_identity,v2.38J-us-candidate-feature-matrix
U08313,ESGV,,CBOE,invalid_identity,v2.38J-us-candidate-feature-matrix
U08314,ESK,,CBOE,invalid_identity,v2.38J-us-candidate-feature-matrix
U08315,ESML,,CBOE,invalid_identity,v2.38J-us-candidate-feature-matrix
U08316,ETHU,,CBOE,invalid_identity,v2.38J-us-candidate-feature-matrix
U08317,ETTY,,CBOE,invalid_identity,v2.38J-us-candidate-feature-matrix
U08318,ETU,,CBOE,invalid_identity,v2.38J-us-candidate-feature-matrix
U08319,EUAD,,CBOE,invalid_identity,v2.38J-us-candidate-feature-matrix
U08320,EUDV,,CBOE,invalid_identity,v2.38J-us-candidate-feature-matrix
U08321,EUHY,,CBOE,invalid_identity,v2.38J-us-candidate-feature-matrix
U08322,EUIG,,CBOE,invalid_identity,v2.38J-us-candidate-feature-matrix
U08323,EVLU,,CBOE,invalid_identity,v2.38J-us-candidate-feature-matrix
U08324,EVUS,,CBOE,invalid_identity,v2.38J-us-candidate-feature-matrix
U08325,EWUS,,CBOE,invalid_identity,v2.38J-us-candidate-feature-matrix
U08326,EYLD,,CBOE,invalid_identity,v2.38J-us-candidate-feature-matrix
U08327,EZU,,CBOE,invalid_identity,v2.38J-us-candidate-feature-matrix
U08328,FAPR,,CBOE,invalid_identity,v2.38J-us-candidate-feature-matrix
U08329,FAUG,,CBOE,invalid_identity,v2.38J-us-candidate-feature-matrix
U08330,FB,,CBOE,invalid_identity,v2.38J-us-candidate-feature-matrix
U08331,FBCG,,CBOE,invalid_identity,v2.38J-us-candidate-feature-matrix
U08332,FBCV,,CBOE,invalid_identity,v2.38J-us-candidate-feature-matrix
U08333,FBUF,,CBOE,invalid_identity,v2.38J-us-candidate-feature-matrix
U08334,FCLD,,CBOE,invalid_identity,v2.38J-us-candidate-feature-matrix
U08335,FCPI,,CBOE,invalid_identity,v2.38J-us-candidate-feature-matrix
U08336,FCTR,,CBOE,invalid_identity,v2.38J-us-candidate-feature-matrix
U08337,FDEC,,CBOE,invalid_identity,v2.38J-us-candidate-feature-matrix
U08338,FDEM,,CBOE,invalid_identity,v2.38J-us-candidate-feature-matrix
U08339,FDEV,,CBOE,invalid_identity,v2.38J-us-candidate-feature-matrix
U08340,FDND,,CBOE,invalid_identity,v2.38J-us-candidate-feature-matrix
U08341,FDRV,,CBOE,invalid_identity,v2.38J-us-candidate-feature-matrix
U08342,FEBM,,CBOE,invalid_identity,v2.38J-us-candidate-feature-matrix
U08343,FEBP,,CBOE,invalid_identity,v2.38J-us-candidate-feature-matrix
U08344,FEBT,,CBOE,invalid_identity,v2.38J-us-candidate-feature-matrix
U08345,FEBU,,CBOE,invalid_identity,v2.38J-us-candidate-feature-matrix
U08346,FEBW,,CBOE,invalid_identity,v2.38J-us-candidate-feature-matrix
U08347,FEBZ,,CBOE,invalid_identity,v2.38J-us-candidate-feature-matrix
U08348,FFDI,,CBOE,invalid_identity,v2.38J-us-candidate-feature-matrix
U08349,FFEB,,CBOE,invalid_identity,v2.38J-us-candidate-feature-matrix
U08350,FFEM,,CBOE,invalid_identity,v2.38J-us-candidate-feature-matrix
U08351,FFF,,CBOE,invalid_identity,v2.38J-us-candidate-feature-matrix
U08352,FFGX,,CBOE,invalid_identity,v2.38J-us-candidate-feature-matrix
U08353,FFLC,,CBOE,invalid_identity,v2.38J-us-candidate-feature-matrix
U08354,FFLG,,CBOE,invalid_identity,v2.38J-us-candidate-feature-matrix
U08355,FFLV,,CBOE,invalid_identity,v2.38J-us-candidate-feature-matrix
U08356,FFOG,,CBOE,invalid_identity,v2.38J-us-candidate-feature-matrix
U08357,FFSM,,CBOE,invalid_identity,v2.38J-us-candidate-feature-matrix
U08358,FGRU,,CBOE,invalid_identity,v2.38J-us-candidate-feature-matrix
U08359,FHDG,,CBOE,invalid_identity,v2.38J-us-candidate-feature-matrix
U08360,FHEQ,,CBOE,invalid_identity,v2.38J-us-candidate-feature-matrix
U08361,FJAN,,CBOE,invalid_identity,v2.38J-us-candidate-feature-matrix
U08362,FJUL,,CBOE,invalid_identity,v2.38J-us-candidate-feature-matrix
U08363,FJUN,,CBOE,invalid_identity,v2.38J-us-candidate-feature-matrix
U08364,FLAO,,CBOE,invalid_identity,v2.38J-us-candidate-feature-matrix
U08365,FLBL,,CBOE,invalid_identity,v2.38J-us-candidate-feature-matrix
U08366,FLDR,,CBOE,invalid_identity,v2.38J-us-candidate-feature-matrix
U08367,FLDZ,,CBOE,invalid_identity,v2.38J-us-candidate-feature-matrix
U08368,FLHY,,CBOE,invalid_identity,v2.38J-us-candidate-feature-matrix
U08369,FLIA,,CBOE,invalid_identity,v2.38J-us-candidate-feature-matrix
U08370,FLJJ,,CBOE,invalid_identity,v2.38J-us-candidate-feature-matrix
U08371,FLOT,,CBOE,invalid_identity,v2.38J-us-candidate-feature-matrix
U08372,FLQL,,CBOE,invalid_identity,v2.38J-us-candidate-feature-matrix
U08373,FLQM,,CBOE,invalid_identity,v2.38J-us-candidate-feature-matrix
U08374,FLQS,,CBOE,invalid_identity,v2.38J-us-candidate-feature-matrix
U08375,FLXI,,CBOE,invalid_identity,v2.38J-us-candidate-feature-matrix
U08376,FLXN,,CBOE,invalid_identity,v2.38J-us-candidate-feature-matrix
U08377,FLYT,,CBOE,invalid_identity,v2.38J-us-candidate-feature-matrix
U08378,FMAG,,CBOE,invalid_identity,v2.38J-us-candidate-feature-matrix
U08379,FMAR,,CBOE,invalid_identity,v2.38J-us-candidate-feature-matrix
U08380,FMAY,,CBOE,invalid_identity,v2.38J-us-candidate-feature-matrix
U08381,FNOV,,CBOE,invalid_identity,v2.38J-us-candidate-feature-matrix
U08382,FOCT,,CBOE,invalid_identity,v2.38J-us-candidate-feature-matrix
U08383,FORH,,CBOE,invalid_identity,v2.38J-us-candidate-feature-matrix
U08384,FOWF,,CBOE,invalid_identity,v2.38J-us-candidate-feature-matrix
U08385,FPAG,,CBOE,invalid_identity,v2.38J-us-candidate-feature-matrix
U08386,FPAS,,CBOE,invalid_identity,v2.38J-us-candidate-feature-matrix
U08387,FPFD,,CBOE,invalid_identity,v2.38J-us-candidate-feature-matrix
U08388,FPRO,,CBOE,invalid_identity,v2.38J-us-candidate-feature-matrix
U08389,FRDM,,CBOE,invalid_identity,v2.38J-us-candidate-feature-matrix
U08390,FRNW,,CBOE,invalid_identity,v2.38J-us-candidate-feature-matrix
U08391,FSEP,,CBOE,invalid_identity,v2.38J-us-candidate-feature-matrix
U08392,FYEE,,CBOE,invalid_identity,v2.38J-us-candidate-feature-matrix
U08393,FYLD,,CBOE,invalid_identity,v2.38J-us-candidate-feature-matrix
U08394,GAA,,CBOE,invalid_identity,v2.38J-us-candidate-feature-matrix
U08395,GAPR,,CBOE,invalid_identity,v2.38J-us-candidate-feature-matrix
U08396,GARP,,CBOE,invalid_identity,v2.38J-us-candidate-feature-matrix
U08397,GAUG,,CBOE,invalid_identity,v2.38J-us-candidate-feature-matrix
U08398,GBXA,,CBOE,invalid_identity,v2.38J-us-candidate-feature-matrix
U08399,GCOW,,CBOE,invalid_identity,v2.38J-us-candidate-feature-matrix
U08400,GDE,,CBOE,invalid_identity,v2.38J-us-candidate-feature-matrix
U08401,GDEC,,CBOE,invalid_identity,v2.38J-us-candidate-feature-matrix
U08402,GDMA,,CBOE,invalid_identity,v2.38J-us-candidate-feature-matrix
U08403,GDMN,,CBOE,invalid_identity,v2.38J-us-candidate-feature-matrix
U08404,GDT,,CBOE,invalid_identity,v2.38J-us-candidate-feature-matrix
U08405,GDXW,,CBOE,invalid_identity,v2.38J-us-candidate-feature-matrix
U08406,GEMD,,CBOE,invalid_identity,v2.38J-us-candidate-feature-matrix
U08407,GEVX,,CBOE,invalid_identity,v2.38J-us-candidate-feature-matrix
U08408,GFEB,,CBOE,invalid_identity,v2.38J-us-candidate-feature-matrix
U08409,GHTA,,CBOE,invalid_identity,v2.38J-us-candidate-feature-matrix
U08410,GHYG,,CBOE,invalid_identity,v2.38J-us-candidate-feature-matrix
U08411,GIF,,CBOE,invalid_identity,v2.38J-us-candidate-feature-matrix
U08412,GJAN,,CBOE,invalid_identity,v2.38J-us-candidate-feature-matrix
U08413,GJUL,,CBOE,invalid_identity,v2.38J-us-candidate-feature-matrix
U08414,GJUN,,CBOE,invalid_identity,v2.38J-us-candidate-feature-matrix
U08415,GLBL,,CBOE,invalid_identity,v2.38J-us-candidate-feature-matrix
U08416,GLDW,,CBOE,invalid_identity,v2.38J-us-candidate-feature-matrix
U08417,GLXU,,CBOE,invalid_identity,v2.38J-us-candidate-feature-matrix
U08418,GMAR,,CBOE,invalid_identity,v2.38J-us-candidate-feature-matrix
U08419,GMAY,,CBOE,invalid_identity,v2.38J-us-candidate-feature-matrix
U08420,GMEU,,CBOE,invalid_identity,v2.38J-us-candidate-feature-matrix
U08421,GMOM,,CBOE,invalid_identity,v2.38J-us-candidate-feature-matrix
U08422,GNOV,,CBOE,invalid_identity,v2.38J-us-candidate-feature-matrix
U08423,GOCT,,CBOE,invalid_identity,v2.38J-us-candidate-feature-matrix
U08424,GOLY,,CBOE,invalid_identity,v2.38J-us-candidate-feature-matrix
U08425,GOOP,,CBOE,invalid_identity,v2.38J-us-candidate-feature-matrix
U08426,GOOW,,CBOE,invalid_identity,v2.38J-us-candidate-feature-matrix
U08427,GOOX,,CBOE,invalid_identity,v2.38J-us-candidate-feature-matrix
U08428,GOP,,CBOE,invalid_identity,v2.38J-us-candidate-feature-matrix
U08429,GOVT,,CBOE,invalid_identity,v2.38J-us-candidate-feature-matrix
U08430,GOVZ,,CBOE,invalid_identity,v2.38J-us-candidate-feature-matrix
U08431,GROZ,,CBOE,invalid_identity,v2.38J-us-candidate-feature-matrix
U08432,GSEE,,CBOE,invalid_identity,v2.38J-us-candidate-feature-matrix
U08433,GSEP,,CBOE,invalid_identity,v2.38J-us-candidate-feature-matrix
U08434,GSEW,,CBOE,invalid_identity,v2.38J-us-candidate-feature-matrix
U08435,GSID,,CBOE,invalid_identity,v2.38J-us-candidate-feature-matrix
U08436,GSST,,CBOE,invalid_identity,v2.38J-us-candidate-feature-matrix
U08437,GSUS,,CBOE,invalid_identity,v2.38J-us-candidate-feature-matrix
U08438,GSWO,,CBOE,invalid_identity,v2.38J-us-candidate-feature-matrix
U08439,GTIP,,CBOE,invalid_identity,v2.38J-us-candidate-feature-matrix
U08440,GTOC,,CBOE,invalid_identity,v2.38J-us-candidate-feature-matrix
U08441,GTOH,,CBOE,invalid_identity,v2.38J-us-candidate-feature-matrix
U08442,GTOS,,CBOE,invalid_identity,v2.38J-us-candidate-feature-matrix
U08443,GVAL,,CBOE,invalid_identity,v2.38J-us-candidate-feature-matrix
U08444,GVI,,CBOE,invalid_identity,v2.38J-us-candidate-feature-matrix
U08445,HAUS,,CBOE,invalid_identity,v2.38J-us-candidate-feature-matrix
U08446,HBTC,,CBOE,invalid_identity,v2.38J-us-candidate-feature-matrix
U08447,HCRB,,CBOE,invalid_identity,v2.38J-us-candidate-feature-matrix
U08448,HEEM,,CBOE,invalid_identity,v2.38J-us-candidate-feature-matrix
U08449,HEFA,,CBOE,invalid_identity,v2.38J-us-candidate-feature-matrix
U08450,HEGD,,CBOE,invalid_identity,v2.38J-us-candidate-feature-matrix
U08451,HELX,,CBOE,invalid_identity,v2.38J-us-candidate-feature-matrix
U08452,HEMI,,CBOE,invalid_identity,v2.38J-us-candidate-feature-matrix
U08453,HFGO,,CBOE,invalid_identity,v2.38J-us-candidate-feature-matrix
U08454,HFSI,,CBOE,invalid_identity,v2.38J-us-candidate-feature-matrix
U08455,HIMU,,CBOE,invalid_identity,v2.38J-us-candidate-feature-matrix
U08456,HLXX,,CBOE,invalid_identity,v2.38J-us-candidate-feature-matrix
U08457,HOII,,CBOE,invalid_identity,v2.38J-us-candidate-feature-matrix
U08458,HOOW,,CBOE,invalid_identity,v2.38J-us-candidate-feature-matrix
U08459,HTUS,,CBOE,invalid_identity,v2.38J-us-candidate-feature-matrix
U08460,HUMN,,CBOE,invalid_identity,v2.38J-us-candidate-feature-matrix
U08461,HYBL,,CBOE,invalid_identity,v2.38J-us-candidate-feature-matrix
U08462,HYD,,CBOE,invalid_identity,v2.38J-us-candidate-feature-matrix
U08463,HYDB,,CBOE,invalid_identity,v2.38J-us-candidate-feature-matrix
U08464,HYGW,,CBOE,invalid_identity,v2.38J-us-candidate-feature-matrix
U08465,HYHG,,CBOE,invalid_identity,v2.38J-us-candidate-feature-matrix
U08466,HYIN,,CBOE,invalid_identity,v2.38J-us-candidate-feature-matrix
U08467,IAGG,,CBOE,invalid_identity,v2.38J-us-candidate-feature-matrix
U08468,IAUI,,CBOE,invalid_identity,v2.38J-us-candidate-feature-matrix
U08469,IBHF,,CBOE,invalid_identity,v2.38J-us-candidate-feature-matrix
U08470,IBHG,,CBOE,invalid_identity,v2.38J-us-candidate-feature-matrix
U08471,IBHH,,CBOE,invalid_identity,v2.38J-us-candidate-feature-matrix
U08472,IBHI,,CBOE,invalid_identity,v2.38J-us-candidate-feature-matrix
U08473,IBHJ,,CBOE,invalid_identity,v2.38J-us-candidate-feature-matrix
U08474,IBHK,,CBOE,invalid_identity,v2.38J-us-candidate-feature-matrix
U08475,IBHL,,CBOE,invalid_identity,v2.38J-us-candidate-feature-matrix
U08476,IBHM,,CBOE,invalid_identity,v2.38J-us-candidate-feature-matrix
U08477,IBMO,,CBOE,invalid_identity,v2.38J-us-candidate-feature-matrix
U08478,IBMP,,CBOE,invalid_identity,v2.38J-us-candidate-feature-matrix
U08479,IBMQ,,CBOE,invalid_identity,v2.38J-us-candidate-feature-matrix
U08480,IBMR,,CBOE,invalid_identity,v2.38J-us-candidate-feature-matrix
U08481,IBMS,,CBOE,invalid_identity,v2.38J-us-candidate-feature-matrix
U08482,IBMT,,CBOE,invalid_identity,v2.38J-us-candidate-feature-matrix
U08483,IBMU,,CBOE,invalid_identity,v2.38J-us-candidate-feature-matrix
U08484,IBMV,,CBOE,invalid_identity,v2.38J-us-candidate-feature-matrix
U08485,IBX,,CBOE,invalid_identity,v2.38J-us-candidate-feature-matrix
U08486,ICF,,CBOE,invalid_identity,v2.38J-us-candidate-feature-matrix
U08487,ICLO,,CBOE,invalid_identity,v2.38J-us-candidate-feature-matrix
U08488,ICOW,,CBOE,invalid_identity,v2.38J-us-candidate-feature-matrix
U08489,ICSH,,CBOE,invalid_identity,v2.38J-us-candidate-feature-matrix
U08490,ICVT,,CBOE,invalid_identity,v2.38J-us-candidate-feature-matrix
U08491,IDUB,,CBOE,invalid_identity,v2.38J-us-candidate-feature-matrix
U08492,IDV,,CBOE,invalid_identity,v2.38J-us-candidate-feature-matrix
U08493,IDVZ,,CBOE,invalid_identity,v2.38J-us-candidate-feature-matrix
U08494,IEDI,,CBOE,invalid_identity,v2.38J-us-candidate-feature-matrix
U08495,IEFA,,CBOE,invalid_identity,v2.38J-us-candidate-feature-matrix
U08496,IEO,,CBOE,invalid_identity,v2.38J-us-candidate-feature-matrix
U08497,IETC,,CBOE,invalid_identity,v2.38J-us-candidate-feature-matrix
U08498,IFRA,,CBOE,invalid_identity,v2.38J-us-candidate-feature-matrix
U08499,IGE,,CBOE,invalid_identity,v2.38J-us-candidate-feature-matrix
U08500,IGEB,,CBOE,invalid_identity,v2.38J-us-candidate-feature-matrix
U08501,IGHG,,CBOE,invalid_identity,v2.38J-us-candidate-feature-matrix
U08502,IGLD,,CBOE,invalid_identity,v2.38J-us-candidate-feature-matrix
U08503,IGRO,,CBOE,invalid_identity,v2.38J-us-candidate-feature-matrix
U08504,IGV,,CBOE,invalid_identity,v2.38J-us-candidate-feature-matrix
U08505,IMF,,CBOE,invalid_identity,v2.38J-us-candidate-feature-matrix
U08506,IMFL,,CBOE,invalid_identity,v2.38J-us-candidate-feature-matrix
U08507,IMTG,,CBOE,invalid_identity,v2.38J-us-candidate-feature-matrix
U08508,INDA,,CBOE,invalid_identity,v2.38J-us-candidate-feature-matrix
U08509,INTL,,CBOE,invalid_identity,v2.38J-us-candidate-feature-matrix
U08510,INTM,,CBOE,invalid_identity,v2.38J-us-candidate-feature-matrix
U08511,IPAV,,CBOE,invalid_identity,v2.38J-us-candidate-feature-matrix
U08512,IQDG,,CBOE,invalid_identity,v2.38J-us-candidate-feature-matrix
U08513,IQM,,CBOE,invalid_identity,v2.38J-us-candidate-feature-matrix
U08514,IREX,,CBOE,invalid_identity,v2.38J-us-candidate-feature-matrix
U08515,IREZ,,CBOE,invalid_identity,v2.38J-us-candidate-feature-matrix
U08516,IROC,,CBOE,invalid_identity,v2.38J-us-candidate-feature-matrix
U08517,ISBG,,CBOE,invalid_identity,v2.38J-us-candidate-feature-matrix
U08518,ISMF,,CBOE,invalid_identity,v2.38J-us-candidate-feature-matrix
U08519,ISPY,,CBOE,invalid_identity,v2.38J-us-candidate-feature-matrix
U08520,ISSB,,CBOE,invalid_identity,v2.38J-us-candidate-feature-matrix
U08521,ISVL,,CBOE,invalid_identity,v2.38J-us-candidate-feature-matrix
U08522,ITA,,CBOE,invalid_identity,v2.38J-us-candidate-feature-matrix
U08523,ITB,,CBOE,invalid_identity,v2.38J-us-candidate-feature-matrix
U08524,ITM,,CBOE,invalid_identity,v2.38J-us-candidate-feature-matrix
U08525,ITOL,,CBOE,invalid_identity,v2.38J-us-candidate-feature-matrix
U08526,ITWO,,CBOE,invalid_identity,v2.38J-us-candidate-feature-matrix
U08527,IVVB,,CBOE,invalid_identity,v2.38J-us-candidate-feature-matrix
U08528,IVVM,,CBOE,invalid_identity,v2.38J-us-candidate-feature-matrix
U08529,IVVW,,CBOE,invalid_identity,v2.38J-us-candidate-feature-matrix
U08530,IWMI,,CBOE,invalid_identity,v2.38J-us-candidate-feature-matrix
U08531,IWMW,,CBOE,invalid_identity,v2.38J-us-candidate-feature-matrix
U08532,IYJ,,CBOE,invalid_identity,v2.38J-us-candidate-feature-matrix
U08533,IYLD,,CBOE,invalid_identity,v2.38J-us-candidate-feature-matrix
U08534,IYRI,,CBOE,invalid_identity,v2.38J-us-candidate-feature-matrix
U08535,IYT,,CBOE,invalid_identity,v2.38J-us-candidate-feature-matrix
U08536,IYZ,,CBOE,invalid_identity,v2.38J-us-candidate-feature-matrix
U08537,IZRL,,CBOE,invalid_identity,v2.38J-us-candidate-feature-matrix
U08538,JAJL,,CBOE,invalid_identity,v2.38J-us-candidate-feature-matrix
U08539,JANB,,CBOE,invalid_identity,v2.38J-us-candidate-feature-matrix
U08540,JANH,,CBOE,invalid_identity,v2.38J-us-candidate-feature-matrix
U08541,JANI,,CBOE,invalid_identity,v2.38J-us-candidate-feature-matrix
U08542,JANJ,,CBOE,invalid_identity,v2.38J-us-candidate-feature-matrix
U08543,JANM,,CBOE,invalid_identity,v2.38J-us-candidate-feature-matrix
U08544,JANP,,CBOE,invalid_identity,v2.38J-us-candidate-feature-matrix
U08545,JANT,,CBOE,invalid_identity,v2.38J-us-candidate-feature-matrix
U08546,JANU,,CBOE,invalid_identity,v2.38J-us-candidate-feature-matrix
U08547,JANW,,CBOE,invalid_identity,v2.38J-us-candidate-feature-matrix
U08548,JANZ,,CBOE,invalid_identity,v2.38J-us-candidate-feature-matrix
U08549,JBBB,,CBOE,invalid_identity,v2.38J-us-candidate-feature-matrix
U08550,JCPB,,CBOE,invalid_identity,v2.38J-us-candidate-feature-matrix
U08551,JCPI,,CBOE,invalid_identity,v2.38J-us-candidate-feature-matrix
U08552,JEMA,,CBOE,invalid_identity,v2.38J-us-candidate-feature-matrix
U08553,JMST,,CBOE,invalid_identity,v2.38J-us-candidate-feature-matrix
U08554,JMUB,,CBOE,invalid_identity,v2.38J-us-candidate-feature-matrix
U08555,JNEU,,CBOE,invalid_identity,v2.38J-us-candidate-feature-matrix
U08556,JOBX,,CBOE,invalid_identity,v2.38J-us-candidate-feature-matrix
U08557,JOYT,,CBOE,invalid_identity,v2.38J-us-candidate-feature-matrix
U08558,JPHY,,CBOE,invalid_identity,v2.38J-us-candidate-feature-matrix
U08559,JPIB,,CBOE,invalid_identity,v2.38J-us-candidate-feature-matrix
U08560,JPLD,,CBOE,invalid_identity,v2.38J-us-candidate-feature-matrix
U08561,JUCY,,CBOE,invalid_identity,v2.38J-us-candidate-feature-matrix
U08562,JUDO,,CBOE,invalid_identity,v2.38J-us-candidate-feature-matrix
U08563,JULB,,CBOE,invalid_identity,v2.38J-us-candidate-feature-matrix
U08564,JULH,,CBOE,invalid_identity,v2.38J-us-candidate-feature-matrix
U08565,JULJ,,CBOE,invalid_identity,v2.38J-us-candidate-feature-matrix
U08566,JULM,,CBOE,invalid_identity,v2.38J-us-candidate-feature-matrix
U08567,JULP,,CBOE,invalid_identity,v2.38J-us-candidate-feature-matrix
U08568,JULT,,CBOE,invalid_identity,v2.38J-us-candidate-feature-matrix
U08569,JULU,,CBOE,invalid_identity,v2.38J-us-candidate-feature-matrix
U08570,JULW,,CBOE,invalid_identity,v2.38J-us-candidate-feature-matrix
U08571,JULZ,,CBOE,invalid_identity,v2.38J-us-candidate-feature-matrix
U08572,JUNM,,CBOE,invalid_identity,v2.38J-us-candidate-feature-matrix
U08573,JUNP,,CBOE,invalid_identity,v2.38J-us-candidate-feature-matrix
U08574,JUNT,,CBOE,invalid_identity,v2.38J-us-candidate-feature-matrix
U08575,JUNW,,CBOE,invalid_identity,v2.38J-us-candidate-feature-matrix
U08576,JUNZ,,CBOE,invalid_identity,v2.38J-us-candidate-feature-matrix
U08577,JXX,,CBOE,invalid_identity,v2.38J-us-candidate-feature-matrix
U08578,KAMO,,CBOE,invalid_identity,v2.38J-us-candidate-feature-matrix
U08579,KAPR,,CBOE,invalid_identity,v2.38J-us-candidate-feature-matrix
U08580,KAUG,,CBOE,invalid_identity,v2.38J-us-candidate-feature-matrix
U08581,KCOP,,CBOE,invalid_identity,v2.38J-us-candidate-feature-matrix
U08582,KDEC,,CBOE,invalid_identity,v2.38J-us-candidate-feature-matrix
U08583,KFEB,,CBOE,invalid_identity,v2.38J-us-candidate-feature-matrix
U08584,KGLD,,CBOE,invalid_identity,v2.38J-us-candidate-feature-matrix
U08585,KHPI,,CBOE,invalid_identity,v2.38J-us-candidate-feature-matrix
U08586,KJAN,,CBOE,invalid_identity,v2.38J-us-candidate-feature-matrix
U08587,KJUL,,CBOE,invalid_identity,v2.38J-us-candidate-feature-matrix
U08588,KJUN,,CBOE,invalid_identity,v2.38J-us-candidate-feature-matrix
U08589,KMAR,,CBOE,invalid_identity,v2.38J-us-candidate-feature-matrix
U08590,KMAY,,CBOE,invalid_identity,v2.38J-us-candidate-feature-matrix
U08591,KNG,,CBOE,invalid_identity,v2.38J-us-candidate-feature-matrix
U08592,KNOV,,CBOE,invalid_identity,v2.38J-us-candidate-feature-matrix
U08593,KNOW,,CBOE,invalid_identity,v2.38J-us-candidate-feature-matrix
U08594,KOCT,,CBOE,invalid_identity,v2.38J-us-candidate-feature-matrix
U08595,KONG,,CBOE,invalid_identity,v2.38J-us-candidate-feature-matrix
U08596,KSEP,,CBOE,invalid_identity,v2.38J-us-candidate-feature-matrix
U08597,KSLV,,CBOE,invalid_identity,v2.38J-us-candidate-feature-matrix
U08598,KTUP,,CBOE,invalid_identity,v2.38J-us-candidate-feature-matrix
U08599,KWT,,CBOE,invalid_identity,v2.38J-us-candidate-feature-matrix
U08600,KYLD,,CBOE,invalid_identity,v2.38J-us-candidate-feature-matrix
U08601,LABX,,CBOE,invalid_identity,v2.38J-us-candidate-feature-matrix
U08602,LAPR,,CBOE,invalid_identity,v2.38J-us-candidate-feature-matrix
U08603,LBO,,CBOE,invalid_identity,v2.38J-us-candidate-feature-matrix
U08604,LCAP,,CBOE,invalid_identity,v2.38J-us-candidate-feature-matrix
U08605,LCF,,CBOE,invalid_identity,v2.38J-us-candidate-feature-matrix
U08606,LCOW,,CBOE,invalid_identity,v2.38J-us-candidate-feature-matrix
U08607,LDDR,,CBOE,invalid_identity,v2.38J-us-candidate-feature-matrix
U08608,LEAD,,CBOE,invalid_identity,v2.38J-us-candidate-feature-matrix
U08609,LENS,,CBOE,invalid_identity,v2.38J-us-candidate-feature-matrix
U08610,LEUX,,CBOE,invalid_identity,v2.38J-us-candidate-feature-matrix
U08611,LFAI,,CBOE,invalid_identity,v2.38J-us-candidate-feature-matrix
U08612,LFAO,,CBOE,invalid_identity,v2.38J-us-candidate-feature-matrix
U08613,LFAW,,CBOE,invalid_identity,v2.38J-us-candidate-feature-matrix
U08614,LFBE,,CBOE,invalid_identity,v2.38J-us-candidate-feature-matrix
U08615,LFDR,,CBOE,invalid_identity,v2.38J-us-candidate-feature-matrix
U08616,LIAE,,CBOE,invalid_identity,v2.38J-us-candidate-feature-matrix
U08617,LIAM,,CBOE,invalid_identity,v2.38J-us-candidate-feature-matrix
U08618,LIAU,,CBOE,invalid_identity,v2.38J-us-candidate-feature-matrix
U08619,LIBD,,CBOE,invalid_identity,v2.38J-us-candidate-feature-matrix
U08620,LIFT,,CBOE,invalid_identity,v2.38J-us-candidate-feature-matrix
U08621,LIMI,,CBOE,invalid_identity,v2.38J-us-candidate-feature-matrix
U08622,LITX,,CBOE,invalid_identity,v2.38J-us-candidate-feature-matrix
U08623,LJAN,,CBOE,invalid_identity,v2.38J-us-candidate-feature-matrix
U08624,LJUL,,CBOE,invalid_identity,v2.38J-us-candidate-feature-matrix
U08625,LKOR,,CBOE,invalid_identity,v2.38J-us-candidate-feature-matrix
U08626,LLII,,CBOE,invalid_identity,v2.38J-us-candidate-feature-matrix
U08627,LNOK,,CBOE,invalid_identity,v2.38J-us-candidate-feature-matrix
U08628,LOCT,,CBOE,invalid_identity,v2.38J-us-candidate-feature-matrix
U08629,LQDI,,CBOE,invalid_identity,v2.38J-us-candidate-feature-matrix
U08630,LQDW,,CBOE,invalid_identity,v2.38J-us-candidate-feature-matrix
U08631,LRCU,,CBOE,invalid_identity,v2.38J-us-candidate-feature-matrix
U08632,LUNL,,CBOE,invalid_identity,v2.38J-us-candidate-feature-matrix
U08633,LVDS,,CBOE,invalid_identity,v2.38J-us-candidate-feature-matrix
U08634,LVHI,,CBOE,invalid_identity,v2.38J-us-candidate-feature-matrix
U08635,LYLD,,CBOE,invalid_identity,v2.38J-us-candidate-feature-matrix
U08636,MAGA,,CBOE,invalid_identity,v2.38J-us-candidate-feature-matrix
U08637,MAGC,,CBOE,invalid_identity,v2.38J-us-candidate-feature-matrix
U08638,MAGO,,CBOE,invalid_identity,v2.38J-us-candidate-feature-matrix
U08639,MAGS,,CBOE,invalid_identity,v2.38J-us-candidate-feature-matrix
U08640,MAGX,,CBOE,invalid_identity,v2.38J-us-candidate-feature-matrix
U08641,MAGY,,CBOE,invalid_identity,v2.38J-us-candidate-feature-matrix
U08642,MAMB,,CBOE,invalid_identity,v2.38J-us-candidate-feature-matrix
U08643,MARM,,CBOE,invalid_identity,v2.38J-us-candidate-feature-matrix
U08644,MARS,,CBOE,invalid_identity,v2.38J-us-candidate-feature-matrix
U08645,MART,,CBOE,invalid_identity,v2.38J-us-candidate-feature-matrix
U08646,MARU,,CBOE,invalid_identity,v2.38J-us-candidate-feature-matrix
U08647,MARW,,CBOE,invalid_identity,v2.38J-us-candidate-feature-matrix
U08648,MARZ,,CBOE,invalid_identity,v2.38J-us-candidate-feature-matrix
U08649,MAXJ,,CBOE,invalid_identity,v2.38J-us-candidate-feature-matrix
U08650,MAYM,,CBOE,invalid_identity,v2.38J-us-candidate-feature-matrix
U08651,MAYP,,CBOE,invalid_identity,v2.38J-us-candidate-feature-matrix
U08652,MAYT,,CBOE,invalid_identity,v2.38J-us-candidate-feature-matrix
U08653,MAYU,,CBOE,invalid_identity,v2.38J-us-candidate-feature-matrix
U08654,MAYW,,CBOE,invalid_identity,v2.38J-us-candidate-feature-matrix
U08655,MAYZ,,CBOE,invalid_identity,v2.38J-us-candidate-feature-matrix
U08656,MBBA,,CBOE,invalid_identity,v2.38J-us-candidate-feature-matrix
U08657,MBBB,,CBOE,invalid_identity,v2.38J-us-candidate-feature-matrix
U08658,MBCC,,CBOE,invalid_identity,v2.38J-us-candidate-feature-matrix
U08659,MBND,,CBOE,invalid_identity,v2.38J-us-candidate-feature-matrix
U08660,MBNE,,CBOE,invalid_identity,v2.38J-us-candidate-feature-matrix
U08661,MCOW,,CBOE,invalid_identity,v2.38J-us-candidate-feature-matrix
U08662,MDBX,,CBOE,invalid_identity,v2.38J-us-candidate-feature-matrix
U08663,MDEV,,CBOE,invalid_identity,v2.38J-us-candidate-feature-matrix
U08664,MDLV,,CBOE,invalid_identity,v2.38J-us-candidate-feature-matrix
U08665,MDPL,,CBOE,invalid_identity,v2.38J-us-candidate-feature-matrix
U08666,MEAR,,CBOE,invalid_identity,v2.38J-us-candidate-feature-matrix
U08667,MEMY,,CBOE,invalid_identity,v2.38J-us-candidate-feature-matrix
U08668,METW,,CBOE,invalid_identity,v2.38J-us-candidate-feature-matrix
U08669,MFUL,,CBOE,invalid_identity,v2.38J-us-candidate-feature-matrix
U08670,MFUT,,CBOE,invalid_identity,v2.38J-us-candidate-feature-matrix
U08671,MIG,,CBOE,invalid_identity,v2.38J-us-candidate-feature-matrix
U08672,MILK,,CBOE,invalid_identity,v2.38J-us-candidate-feature-matrix
U08673,MINN,,CBOE,invalid_identity,v2.38J-us-candidate-feature-matrix
U08674,MLN,,CBOE,invalid_identity,v2.38J-us-candidate-feature-matrix
U08675,MLPI,,CBOE,invalid_identity,v2.38J-us-candidate-feature-matrix
U08676,MMAX,,CBOE,invalid_identity,v2.38J-us-candidate-feature-matrix
U08677,MOAT,,CBOE,invalid_identity,v2.38J-us-candidate-feature-matrix
U08678,MOTG,,CBOE,invalid_identity,v2.38J-us-candidate-feature-matrix
U08679,MOTI,,CBOE,invalid_identity,v2.38J-us-candidate-feature-matrix
U08680,MPLY,,CBOE,invalid_identity,v2.38J-us-candidate-feature-matrix
U08681,MPRO,,CBOE,invalid_identity,v2.38J-us-candidate-feature-matrix
U08682,MRCP,,CBOE,invalid_identity,v2.38J-us-candidate-feature-matrix
U08683,MRGR,,CBOE,invalid_identity,v2.38J-us-candidate-feature-matrix
U08684,MSFW,,CBOE,invalid_identity,v2.38J-us-candidate-feature-matrix
U08685,MSFX,,CBOE,invalid_identity,v2.38J-us-candidate-feature-matrix
U08686,MSFY,,CBOE,invalid_identity,v2.38J-us-candidate-feature-matrix
U08687,MSII,,CBOE,invalid_identity,v2.38J-us-candidate-feature-matrix
U08688,MSMR,,CBOE,invalid_identity,v2.38J-us-candidate-feature-matrix
U08689,MSOO,,CBOE,invalid_identity,v2.38J-us-candidate-feature-matrix
U08690,MSSS,,CBOE,invalid_identity,v2.38J-us-candidate-feature-matrix
U08691,MSST,,CBOE,invalid_identity,v2.38J-us-candidate-feature-matrix
U08692,MSTB,,CBOE,invalid_identity,v2.38J-us-candidate-feature-matrix
U08693,MSTK,,CBOE,invalid_identity,v2.38J-us-candidate-feature-matrix
U08694,MSTQ,,CBOE,invalid_identity,v2.38J-us-candidate-feature-matrix
U08695,MSTU,,CBOE,invalid_identity,v2.38J-us-candidate-feature-matrix
U08696,MSTW,,CBOE,invalid_identity,v2.38J-us-candidate-feature-matrix
U08697,MSTZ,,CBOE,invalid_identity,v2.38J-us-candidate-feature-matrix
U08698,MTRA,,CBOE,invalid_identity,v2.38J-us-candidate-feature-matrix
U08699,MTUM,,CBOE,invalid_identity,v2.38J-us-candidate-feature-matrix
U08700,MUNY,,CBOE,invalid_identity,v2.38J-us-candidate-feature-matrix
U08701,MVAL,,CBOE,invalid_identity,v2.38J-us-candidate-feature-matrix
U08702,MVFD,,CBOE,invalid_identity,v2.38J-us-candidate-feature-matrix
U08703,MVFG,,CBOE,invalid_identity,v2.38J-us-candidate-feature-matrix
U08704,MYLD,,CBOE,invalid_identity,v2.38J-us-candidate-feature-matrix
U08705,NANC,,CBOE,invalid_identity,v2.38J-us-candidate-feature-matrix
U08706,NAPR,,CBOE,invalid_identity,v2.38J-us-candidate-feature-matrix
U08707,NAUG,,CBOE,invalid_identity,v2.38J-us-candidate-feature-matrix
U08708,NBIZ,,CBOE,invalid_identity,v2.38J-us-candidate-feature-matrix
U08709,NDEC,,CBOE,invalid_identity,v2.38J-us-candidate-feature-matrix
U08710,NDOW,,CBOE,invalid_identity,v2.38J-us-candidate-feature-matrix
U08711,NEAR,,CBOE,invalid_identity,v2.38J-us-candidate-feature-matrix
U08712,NEBX,,CBOE,invalid_identity,v2.38J-us-candidate-feature-matrix
U08713,NEHI,,CBOE,invalid_identity,v2.38J-us-candidate-feature-matrix
U08714,NELS,,CBOE,invalid_identity,v2.38J-us-candidate-feature-matrix
U08715,NERD,,CBOE,invalid_identity,v2.38J-us-candidate-feature-matrix
U08716,NFEB,,CBOE,invalid_identity,v2.38J-us-candidate-feature-matrix
U08717,NFLP,,CBOE,invalid_identity,v2.38J-us-candidate-feature-matrix
U08718,NFLU,,CBOE,invalid_identity,v2.38J-us-candidate-feature-matrix
U08719,NFLW,,CBOE,invalid_identity,v2.38J-us-candidate-feature-matrix
U08720,NIHI,,CBOE,invalid_identity,v2.38J-us-candidate-feature-matrix
U08721,NJAN,,CBOE,invalid_identity,v2.38J-us-candidate-feature-matrix
U08722,NJUL,,CBOE,invalid_identity,v2.38J-us-candidate-feature-matrix
U08723,NJUN,,CBOE,invalid_identity,v2.38J-us-candidate-feature-matrix
U08724,NLSI,,CBOE,invalid_identity,v2.38J-us-candidate-feature-matrix
U08725,NMAR,,CBOE,invalid_identity,v2.38J-us-candidate-feature-matrix
U08726,NMAY,,CBOE,invalid_identity,v2.38J-us-candidate-feature-matrix
U08727,NNEX,,CBOE,invalid_identity,v2.38J-us-candidate-feature-matrix
U08728,NNOV,,CBOE,invalid_identity,v2.38J-us-candidate-feature-matrix
U08729,NOBL,,CBOE,invalid_identity,v2.38J-us-candidate-feature-matrix
U08730,NOCT,,CBOE,invalid_identity,v2.38J-us-candidate-feature-matrix
U08731,NODE,,CBOE,invalid_identity,v2.38J-us-candidate-feature-matrix
U08732,NOVM,,CBOE,invalid_identity,v2.38J-us-candidate-feature-matrix
U08733,NOVP,,CBOE,invalid_identity,v2.38J-us-candidate-feature-matrix
U08734,NOVZ,,CBOE,invalid_identity,v2.38J-us-candidate-feature-matrix
U08735,NPFE,,CBOE,invalid_identity,v2.38J-us-candidate-feature-matrix
U08736,NSEP,,CBOE,invalid_identity,v2.38J-us-candidate-feature-matrix
U08737,NUDM,,CBOE,invalid_identity,v2.38J-us-candidate-feature-matrix
U08738,NUDV,,CBOE,invalid_identity,v2.38J-us-candidate-feature-matrix
U08739,NUEM,,CBOE,invalid_identity,v2.38J-us-candidate-feature-matrix
U08740,NULC,,CBOE,invalid_identity,v2.38J-us-candidate-feature-matrix
U08741,NULG,,CBOE,invalid_identity,v2.38J-us-candidate-feature-matrix
U08742,NULV,,CBOE,invalid_identity,v2.38J-us-candidate-feature-matrix
U08743,NUMG,,CBOE,invalid_identity,v2.38J-us-candidate-feature-matrix
U08744,NUMV,,CBOE,invalid_identity,v2.38J-us-candidate-feature-matrix
U08745,NURE,,CBOE,invalid_identity,v2.38J-us-candidate-feature-matrix
U08746,NUSC,,CBOE,invalid_identity,v2.38J-us-candidate-feature-matrix
U08747,NVBT,,CBOE,invalid_identity,v2.38J-us-candidate-feature-matrix
U08748,NVBU,,CBOE,invalid_identity,v2.38J-us-candidate-feature-matrix
U08749,NVBW,,CBOE,invalid_identity,v2.38J-us-candidate-feature-matrix
U08750,NVDO,,CBOE,invalid_identity,v2.38J-us-candidate-feature-matrix
U08751,NVDQ,,CBOE,invalid_identity,v2.38J-us-candidate-feature-matrix
U08752,NVDW,,CBOE,invalid_identity,v2.38J-us-candidate-feature-matrix
U08753,NVDX,,CBOE,invalid_identity,v2.38J-us-candidate-feature-matrix
U08754,NVII,,CBOE,invalid_identity,v2.38J-us-candidate-feature-matrix
U08755,NVIT,,CBOE,invalid_identity,v2.38J-us-candidate-feature-matrix
U08756,NVTX,,CBOE,invalid_identity,v2.38J-us-candidate-feature-matrix
U08757,NXTI,,CBOE,invalid_identity,v2.38J-us-candidate-feature-matrix
U08758,OBND,,CBOE,invalid_identity,v2.38J-us-candidate-feature-matrix
U08759,OCTB,,CBOE,invalid_identity,v2.38J-us-candidate-feature-matrix
U08760,OCTH,,CBOE,invalid_identity,v2.38J-us-candidate-feature-matrix
U08761,OCTJ,,CBOE,invalid_identity,v2.38J-us-candidate-feature-matrix
U08762,OCTM,,CBOE,invalid_identity,v2.38J-us-candidate-feature-matrix
U08763,OCTP,,CBOE,invalid_identity,v2.38J-us-candidate-feature-matrix
U08764,OCTT,,CBOE,invalid_identity,v2.38J-us-candidate-feature-matrix
U08765,OCTU,,CBOE,invalid_identity,v2.38J-us-candidate-feature-matrix
U08766,OCTW,,CBOE,invalid_identity,v2.38J-us-candidate-feature-matrix
U08767,OCTZ,,CBOE,invalid_identity,v2.38J-us-candidate-feature-matrix
U08768,OILK,,CBOE,invalid_identity,v2.38J-us-candidate-feature-matrix
U08769,OMFL,,CBOE,invalid_identity,v2.38J-us-candidate-feature-matrix
U08770,OMFS,,CBOE,invalid_identity,v2.38J-us-candidate-feature-matrix
U08771,ONDL,,CBOE,invalid_identity,v2.38J-us-candidate-feature-matrix
U08772,ONDU,,CBOE,invalid_identity,v2.38J-us-candidate-feature-matrix
U08773,ONEH,,CBOE,invalid_identity,v2.38J-us-candidate-feature-matrix
U08774,ONEZ,,CBOE,invalid_identity,v2.38J-us-candidate-feature-matrix
U08775,OPEX,,CBOE,invalid_identity,v2.38J-us-candidate-feature-matrix
U08776,ORO,,CBOE,invalid_identity,v2.38J-us-candidate-feature-matrix
U08777,OSCV,,CBOE,invalid_identity,v2.38J-us-candidate-feature-matrix
U08778,OVB,,CBOE,invalid_identity,v2.38J-us-candidate-feature-matrix
U08779,OVF,,CBOE,invalid_identity,v2.38J-us-candidate-feature-matrix
U08780,OVL,,CBOE,invalid_identity,v2.38J-us-candidate-feature-matrix
U08781,OVLH,,CBOE,invalid_identity,v2.38J-us-candidate-feature-matrix
U08782,OVM,,CBOE,invalid_identity,v2.38J-us-candidate-feature-matrix
U08783,OVS,,CBOE,invalid_identity,v2.38J-us-candidate-feature-matrix
U08784,OVT,,CBOE,invalid_identity,v2.38J-us-candidate-feature-matrix
U08785,PAAU,,CBOE,invalid_identity,v2.38J-us-candidate-feature-matrix
U08786,PAPR,,CBOE,invalid_identity,v2.38J-us-candidate-feature-matrix
U08787,PATX,,CBOE,invalid_identity,v2.38J-us-candidate-feature-matrix
U08788,PAUG,,CBOE,invalid_identity,v2.38J-us-candidate-feature-matrix
U08789,PAVE,,CBOE,invalid_identity,v2.38J-us-candidate-feature-matrix
U08790,PAWZ,,CBOE,invalid_identity,v2.38J-us-candidate-feature-matrix
U08791,PAYH,,CBOE,invalid_identity,v2.38J-us-candidate-feature-matrix
U08792,PAYM,,CBOE,invalid_identity,v2.38J-us-candidate-feature-matrix
U08793,PAYR,,CBOE,invalid_identity,v2.38J-us-candidate-feature-matrix
U08794,PBAP,,CBOE,invalid_identity,v2.38J-us-candidate-feature-matrix
U08795,PBAU,,CBOE,invalid_identity,v2.38J-us-candidate-feature-matrix
U08796,PBDE,,CBOE,invalid_identity,v2.38J-us-candidate-feature-matrix
U08797,PBFB,,CBOE,invalid_identity,v2.38J-us-candidate-feature-matrix
U08798,PBFR,,CBOE,invalid_identity,v2.38J-us-candidate-feature-matrix
U08799,PBJA,,CBOE,invalid_identity,v2.38J-us-candidate-feature-matrix
U08800,PBJL,,CBOE,invalid_identity,v2.38J-us-candidate-feature-matrix
U08801,PBJN,,CBOE,invalid_identity,v2.38J-us-candidate-feature-matrix
U08802,PBL,,CBOE,invalid_identity,v2.38J-us-candidate-feature-matrix
U08803,PBMR,,CBOE,invalid_identity,v2.38J-us-candidate-feature-matrix
U08804,PBMY,,CBOE,invalid_identity,v2.38J-us-candidate-feature-matrix
U08805,PBNV,,CBOE,invalid_identity,v2.38J-us-candidate-feature-matrix
U08806,PBOC,,CBOE,invalid_identity,v2.38J-us-candidate-feature-matrix
U08807,PBP,,CBOE,invalid_identity,v2.38J-us-candidate-feature-matrix
U08808,PBSE,,CBOE,invalid_identity,v2.38J-us-candidate-feature-matrix
U08809,PBTP,,CBOE,invalid_identity,v2.38J-us-candidate-feature-matrix
U08810,PBUS,,CBOE,invalid_identity,v2.38J-us-candidate-feature-matrix
U08811,PCI,,CBOE,invalid_identity,v2.38J-us-candidate-feature-matrix
U08812,PCL,,CBOE,invalid_identity,v2.38J-us-candidate-feature-matrix
U08813,PCS,,CBOE,invalid_identity,v2.38J-us-candidate-feature-matrix
U08814,PDEC,,CBOE,invalid_identity,v2.38J-us-candidate-feature-matrix
U08815,PEX,,CBOE,invalid_identity,v2.38J-us-candidate-feature-matrix
U08816,PFEB,,CBOE,invalid_identity,v2.38J-us-candidate-feature-matrix
U08817,PICK,,CBOE,invalid_identity,v2.38J-us-candidate-feature-matrix
U08818,PIEL,,CBOE,invalid_identity,v2.38J-us-candidate-feature-matrix
U08819,PIEQ,,CBOE,invalid_identity,v2.38J-us-candidate-feature-matrix
U08820,PIPE,,CBOE,invalid_identity,v2.38J-us-candidate-feature-matrix
U08821,PIT,,CBOE,invalid_identity,v2.38J-us-candidate-feature-matrix
U08822,PJAN,,CBOE,invalid_identity,v2.38J-us-candidate-feature-matrix
U08823,PJBF,,CBOE,invalid_identity,v2.38J-us-candidate-feature-matrix
U08824,PJFM,,CBOE,invalid_identity,v2.38J-us-candidate-feature-matrix
U08825,PJUL,,CBOE,invalid_identity,v2.38J-us-candidate-feature-matrix
U08826,PJUN,,CBOE,invalid_identity,v2.38J-us-candidate-feature-matrix
U08827,PLGI,,CBOE,invalid_identity,v2.38J-us-candidate-feature-matrix
U08828,PLOO,,CBOE,invalid_identity,v2.38J-us-candidate-feature-matrix
U08829,PLTI,,CBOE,invalid_identity,v2.38J-us-candidate-feature-matrix
U08830,PLTW,,CBOE,invalid_identity,v2.38J-us-candidate-feature-matrix
U08831,PLU,,CBOE,invalid_identity,v2.38J-us-candidate-feature-matrix
U08832,PMAP,,CBOE,invalid_identity,v2.38J-us-candidate-feature-matrix
U08833,PMAR,,CBOE,invalid_identity,v2.38J-us-candidate-feature-matrix
U08834,PMAU,,CBOE,invalid_identity,v2.38J-us-candidate-feature-matrix
U08835,PMAY,,CBOE,invalid_identity,v2.38J-us-candidate-feature-matrix
U08836,PMDE,,CBOE,invalid_identity,v2.38J-us-candidate-feature-matrix
U08837,PMFB,,CBOE,invalid_identity,v2.38J-us-candidate-feature-matrix
U08838,PMJA,,CBOE,invalid_identity,v2.38J-us-candidate-feature-matrix
U08839,PMJL,,CBOE,invalid_identity,v2.38J-us-candidate-feature-matrix
U08840,PMJN,,CBOE,invalid_identity,v2.38J-us-candidate-feature-matrix
U08841,PMMR,,CBOE,invalid_identity,v2.38J-us-candidate-feature-matrix
U08842,PMMY,,CBOE,invalid_identity,v2.38J-us-candidate-feature-matrix
U08843,PMNV,,CBOE,invalid_identity,v2.38J-us-candidate-feature-matrix
U08844,PMOC,,CBOE,invalid_identity,v2.38J-us-candidate-feature-matrix
U08845,PMSE,,CBOE,invalid_identity,v2.38J-us-candidate-feature-matrix
U08846,PNOV,,CBOE,invalid_identity,v2.38J-us-candidate-feature-matrix
U08847,POCT,,CBOE,invalid_identity,v2.38J-us-candidate-feature-matrix
U08848,PONX,,CBOE,invalid_identity,v2.38J-us-candidate-feature-matrix
U08849,PRNT,,CBOE,invalid_identity,v2.38J-us-candidate-feature-matrix
U08850,PSCJ,,CBOE,invalid_identity,v2.38J-us-candidate-feature-matrix
U08851,PSCQ,,CBOE,invalid_identity,v2.38J-us-candidate-feature-matrix
U08852,PSCW,,CBOE,invalid_identity,v2.38J-us-candidate-feature-matrix
U08853,PSCX,,CBOE,invalid_identity,v2.38J-us-candidate-feature-matrix
U08854,PSDM,,CBOE,invalid_identity,v2.38J-us-candidate-feature-matrix
U08855,PSEP,,CBOE,invalid_identity,v2.38J-us-candidate-feature-matrix
U08856,PSFD,,CBOE,invalid_identity,v2.38J-us-candidate-feature-matrix
U08857,PSFF,,CBOE,invalid_identity,v2.38J-us-candidate-feature-matrix
U08858,PSFJ,,CBOE,invalid_identity,v2.38J-us-candidate-feature-matrix
U08859,PSFM,,CBOE,invalid_identity,v2.38J-us-candidate-feature-matrix
U08860,PSFO,,CBOE,invalid_identity,v2.38J-us-candidate-feature-matrix
U08861,PSH,,CBOE,invalid_identity,v2.38J-us-candidate-feature-matrix
U08862,PSMD,,CBOE,invalid_identity,v2.38J-us-candidate-feature-matrix
U08863,PSMJ,,CBOE,invalid_identity,v2.38J-us-candidate-feature-matrix
U08864,PSMO,,CBOE,invalid_identity,v2.38J-us-candidate-feature-matrix
U08865,PSMR,,CBOE,invalid_identity,v2.38J-us-candidate-feature-matrix
U08866,PTEU,,CBOE,invalid_identity,v2.38J-us-candidate-feature-matrix
U08867,PTLC,,CBOE,invalid_identity,v2.38J-us-candidate-feature-matrix
U08868,PTMC,,CBOE,invalid_identity,v2.38J-us-candidate-feature-matrix
U08869,PVEX,,CBOE,invalid_identity,v2.38J-us-candidate-feature-matrix
U08870,PWS,,CBOE,invalid_identity,v2.38J-us-candidate-feature-matrix
U08871,QBER,,CBOE,invalid_identity,v2.38J-us-candidate-feature-matrix
U08872,QBF,,CBOE,invalid_identity,v2.38J-us-candidate-feature-matrix
U08873,QBSF,,CBOE,invalid_identity,v2.38J-us-candidate-feature-matrix
U08874,QBTX,,CBOE,invalid_identity,v2.38J-us-candidate-feature-matrix
U08875,QBUL,,CBOE,invalid_identity,v2.38J-us-candidate-feature-matrix
U08876,QCAP,,CBOE,invalid_identity,v2.38J-us-candidate-feature-matrix
U08877,QCJA,,CBOE,invalid_identity,v2.38J-us-candidate-feature-matrix
U08878,QCJL,,CBOE,invalid_identity,v2.38J-us-candidate-feature-matrix
U08879,QCOC,,CBOE,invalid_identity,v2.38J-us-candidate-feature-matrix
U08880,QDEC,,CBOE,invalid_identity,v2.38J-us-candidate-feature-matrix
U08881,QDTE,,CBOE,invalid_identity,v2.38J-us-candidate-feature-matrix
U08882,QFHD,,CBOE,invalid_identity,v2.38J-us-candidate-feature-matrix
U08883,QFRD,,CBOE,invalid_identity,v2.38J-us-candidate-feature-matrix
U08884,QHY,,CBOE,invalid_identity,v2.38J-us-candidate-feature-matrix
U08885,QIG,,CBOE,invalid_identity,v2.38J-us-candidate-feature-matrix
U08886,QJUN,,CBOE,invalid_identity,v2.38J-us-candidate-feature-matrix
U08887,QLC,,CBOE,invalid_identity,v2.38J-us-candidate-feature-matrix
U08888,QMAG,,CBOE,invalid_identity,v2.38J-us-candidate-feature-matrix
U08889,QMAR,,CBOE,invalid_identity,v2.38J-us-candidate-feature-matrix
U08890,QMFE,,CBOE,invalid_identity,v2.38J-us-candidate-feature-matrix
U08891,QMMY,,CBOE,invalid_identity,v2.38J-us-candidate-feature-matrix
U08892,QMNV,,CBOE,invalid_identity,v2.38J-us-candidate-feature-matrix
U08893,QSIG,,CBOE,invalid_identity,v2.38J-us-candidate-feature-matrix
U08894,QSPT,,CBOE,invalid_identity,v2.38J-us-candidate-feature-matrix
U08895,QTAC,,CBOE,invalid_identity,v2.38J-us-candidate-feature-matrix
U08896,QTAP,,CBOE,invalid_identity,v2.38J-us-candidate-feature-matrix
U08897,QTJA,,CBOE,invalid_identity,v2.38J-us-candidate-feature-matrix
U08898,QTJL,,CBOE,invalid_identity,v2.38J-us-candidate-feature-matrix
U08899,QTOC,,CBOE,invalid_identity,v2.38J-us-candidate-feature-matrix
U08900,QUAL,,CBOE,invalid_identity,v2.38J-us-candidate-feature-matrix
U08901,QUBX,,CBOE,invalid_identity,v2.38J-us-candidate-feature-matrix
U08902,QUVU,,CBOE,invalid_identity,v2.38J-us-candidate-feature-matrix
U08903,QVOY,,CBOE,invalid_identity,v2.38J-us-candidate-feature-matrix
U08904,RB,,CBOE,invalid_identity,v2.38J-us-candidate-feature-matrix
U08905,RBLU,,CBOE,invalid_identity,v2.38J-us-candidate-feature-matrix
U08906,RBUF,,CBOE,invalid_identity,v2.38J-us-candidate-feature-matrix
U08907,RDFI,,CBOE,invalid_identity,v2.38J-us-candidate-feature-matrix
U08908,RDTE,,CBOE,invalid_identity,v2.38J-us-candidate-feature-matrix
U08909,RDVI,,CBOE,invalid_identity,v2.38J-us-candidate-feature-matrix
U08910,RDWU,,CBOE,invalid_identity,v2.38J-us-candidate-feature-matrix
U08911,REGL,,CBOE,invalid_identity,v2.38J-us-candidate-feature-matrix
U08912,REM,,CBOE,invalid_identity,v2.38J-us-candidate-feature-matrix
U08913,RGTU,,CBOE,invalid_identity,v2.38J-us-candidate-feature-matrix
U08914,RKTL,,CBOE,invalid_identity,v2.38J-us-candidate-feature-matrix
U08915,RMIF,,CBOE,invalid_identity,v2.38J-us-candidate-feature-matrix
U08916,RMME,,CBOE,invalid_identity,v2.38J-us-candidate-feature-matrix
U08917,ROBN,,CBOE,invalid_identity,v2.38J-us-candidate-feature-matrix
U08918,ROMO,,CBOE,invalid_identity,v2.38J-us-candidate-feature-matrix
U08919,RPHS,,CBOE,invalid_identity,v2.38J-us-candidate-feature-matrix
U08920,RSBA,,CBOE,invalid_identity,v2.38J-us-candidate-feature-matrix
U08921,RSBT,,CBOE,invalid_identity,v2.38J-us-candidate-feature-matrix
U08922,RSBY,,CBOE,invalid_identity,v2.38J-us-candidate-feature-matrix
U08923,RSEE,,CBOE,invalid_identity,v2.38J-us-candidate-feature-matrix
U08924,RSSB,,CBOE,invalid_identity,v2.38J-us-candidate-feature-matrix
U08925,RSST,,CBOE,invalid_identity,v2.38J-us-candidate-feature-matrix
U08926,RSSX,,CBOE,invalid_identity,v2.38J-us-candidate-feature-matrix
U08927,RSSY,,CBOE,invalid_identity,v2.38J-us-candidate-feature-matrix
U08928,RTAI,,CBOE,invalid_identity,v2.38J-us-candidate-feature-matrix
U08929,RTRE,,CBOE,invalid_identity,v2.38J-us-candidate-feature-matrix
U08930,RULE,,CBOE,invalid_identity,v2.38J-us-candidate-feature-matrix
U08931,SATO,,CBOE,invalid_identity,v2.38J-us-candidate-feature-matrix
U08932,SAUG,,CBOE,invalid_identity,v2.38J-us-candidate-feature-matrix
U08933,SBTU,,CBOE,invalid_identity,v2.38J-us-candidate-feature-matrix
U08934,SCEC,,CBOE,invalid_identity,v2.38J-us-candidate-feature-matrix
U08935,SCEP,,CBOE,invalid_identity,v2.38J-us-candidate-feature-matrix
U08936,SCLZ,,CBOE,invalid_identity,v2.38J-us-candidate-feature-matrix
U08937,SCMC,,CBOE,invalid_identity,v2.38J-us-candidate-feature-matrix
U08938,SCNM,,CBOE,invalid_identity,v2.38J-us-candidate-feature-matrix
U08939,SCOW,,CBOE,invalid_identity,v2.38J-us-candidate-feature-matrix
U08940,SCSB,,CBOE,invalid_identity,v2.38J-us-candidate-feature-matrix
U08941,SCUB,,CBOE,invalid_identity,v2.38J-us-candidate-feature-matrix
U08942,SDVD,,CBOE,invalid_identity,v2.38J-us-candidate-feature-matrix
U08943,SECT,,CBOE,invalid_identity,v2.38J-us-candidate-feature-matrix
U08944,SECU,,CBOE,invalid_identity,v2.38J-us-candidate-feature-matrix
U08945,SEIM,,CBOE,invalid_identity,v2.38J-us-candidate-feature-matrix
U08946,SEIQ,,CBOE,invalid_identity,v2.38J-us-candidate-feature-matrix
U08947,SEIV,,CBOE,invalid_identity,v2.38J-us-candidate-feature-matrix
U08948,SELV,,CBOE,invalid_identity,v2.38J-us-candidate-feature-matrix
U08949,SEPM,,CBOE,invalid_identity,v2.38J-us-candidate-feature-matrix
U08950,SEPP,,CBOE,invalid_identity,v2.38J-us-candidate-feature-matrix
U08951,SEPT,,CBOE,invalid_identity,v2.38J-us-candidate-feature-matrix
U08952,SEPU,,CBOE,invalid_identity,v2.38J-us-candidate-feature-matrix
U08953,SEPW,,CBOE,invalid_identity,v2.38J-us-candidate-feature-matrix
U08954,SEPZ,,CBOE,invalid_identity,v2.38J-us-candidate-feature-matrix
U08955,SFEB,,CBOE,invalid_identity,v2.38J-us-candidate-feature-matrix
U08956,SFTY,,CBOE,invalid_identity,v2.38J-us-candidate-feature-matrix
U08957,SHAG,,CBOE,invalid_identity,v2.38J-us-candidate-feature-matrix
U08958,SHDG,,CBOE,invalid_identity,v2.38J-us-candidate-feature-matrix
U08959,SHYD,,CBOE,invalid_identity,v2.38J-us-candidate-feature-matrix
U08960,SHYM,,CBOE,invalid_identity,v2.38J-us-candidate-feature-matrix
U08961,SIXD,,CBOE,invalid_identity,v2.38J-us-candidate-feature-matrix
U08962,SIXF,,CBOE,invalid_identity,v2.38J-us-candidate-feature-matrix
U08963,SIXJ,,CBOE,invalid_identity,v2.38J-us-candidate-feature-matrix
U08964,SIXO,,CBOE,invalid_identity,v2.38J-us-candidate-feature-matrix
U08965,SIXP,,CBOE,invalid_identity,v2.38J-us-candidate-feature-matrix
U08966,SIXZ,,CBOE,invalid_identity,v2.38J-us-candidate-feature-matrix
U08967,SLVP,,CBOE,invalid_identity,v2.38J-us-candidate-feature-matrix
U08968,SMAX,,CBOE,invalid_identity,v2.38J-us-candidate-feature-matrix
U08969,SMAY,,CBOE,invalid_identity,v2.38J-us-candidate-feature-matrix
U08970,SMB,,CBOE,invalid_identity,v2.38J-us-candidate-feature-matrix
U08971,SMDV,,CBOE,invalid_identity,v2.38J-us-candidate-feature-matrix
U08972,SMIN,,CBOE,invalid_identity,v2.38J-us-candidate-feature-matrix
U08973,SMMD,,CBOE,invalid_identity,v2.38J-us-candidate-feature-matrix
U08974,SMMV,,CBOE,invalid_identity,v2.38J-us-candidate-feature-matrix
U08975,SMOT,,CBOE,invalid_identity,v2.38J-us-candidate-feature-matrix
U08976,SMQ,,CBOE,invalid_identity,v2.38J-us-candidate-feature-matrix
U08977,SMU,,CBOE,invalid_identity,v2.38J-us-candidate-feature-matrix
U08978,SMUP,,CBOE,invalid_identity,v2.38J-us-candidate-feature-matrix
U08979,SMZ,,CBOE,invalid_identity,v2.38J-us-candidate-feature-matrix
U08980,SNAV,,CBOE,invalid_identity,v2.38J-us-candidate-feature-matrix
U08981,SNDU,,CBOE,invalid_identity,v2.38J-us-candidate-feature-matrix
U08982,SNOU,,CBOE,invalid_identity,v2.38J-us-candidate-feature-matrix
U08983,SNOV,,CBOE,invalid_identity,v2.38J-us-candidate-feature-matrix
U08984,SNPD,,CBOE,invalid_identity,v2.38J-us-candidate-feature-matrix
U08985,SNPG,,CBOE,invalid_identity,v2.38J-us-candidate-feature-matrix
U08986,SNPX,,CBOE,invalid_identity,v2.38J-us-candidate-feature-matrix
U08987,SNXX,,CBOE,invalid_identity,v2.38J-us-candidate-feature-matrix
U08988,SOLM,,CBOE,invalid_identity,v2.38J-us-candidate-feature-matrix
U08989,SOLX,,CBOE,invalid_identity,v2.38J-us-candidate-feature-matrix
U08990,SPBU,,CBOE,invalid_identity,v2.38J-us-candidate-feature-matrix
U08991,SPBW,,CBOE,invalid_identity,v2.38J-us-candidate-feature-matrix
U08992,SPBX,,CBOE,invalid_identity,v2.38J-us-candidate-feature-matrix
U08993,SPCI,,CBOE,invalid_identity,v2.38J-us-candidate-feature-matrix
U08994,SPCZ,,CBOE,invalid_identity,v2.38J-us-candidate-feature-matrix
U08995,SPIN,,CBOE,invalid_identity,v2.38J-us-candidate-feature-matrix
U08996,SPLS,,CBOE,invalid_identity,v2.38J-us-candidate-feature-matrix
U08997,SPYA,,CBOE,invalid_identity,v2.38J-us-candidate-feature-matrix
U08998,SPYH,,CBOE,invalid_identity,v2.38J-us-candidate-feature-matrix
U08999,SPYI,,CBOE,invalid_identity,v2.38J-us-candidate-feature-matrix
U09000,SQMX,,CBOE,invalid_identity,v2.38J-us-candidate-feature-matrix
U09001,SRPU,,CBOE,invalid_identity,v2.38J-us-candidate-feature-matrix
U09002,SSK,,CBOE,invalid_identity,v2.38J-us-candidate-feature-matrix
U09003,STBF,,CBOE,invalid_identity,v2.38J-us-candidate-feature-matrix
U09004,STEN,,CBOE,invalid_identity,v2.38J-us-candidate-feature-matrix
U09005,STOT,,CBOE,invalid_identity,v2.38J-us-candidate-feature-matrix
U09006,STOX,,CBOE,invalid_identity,v2.38J-us-candidate-feature-matrix
U09007,SVAL,,CBOE,invalid_identity,v2.38J-us-candidate-feature-matrix
U09008,SYLD,,CBOE,invalid_identity,v2.38J-us-candidate-feature-matrix
U09009,SYSB,,CBOE,invalid_identity,v2.38J-us-candidate-feature-matrix
U09010,TAIL,,CBOE,invalid_identity,v2.38J-us-candidate-feature-matrix
U09011,TBJL,,CBOE,invalid_identity,v2.38J-us-candidate-feature-matrix
U09012,TDAQ,,CBOE,invalid_identity,v2.38J-us-candidate-feature-matrix
U09013,TDAX,,CBOE,invalid_identity,v2.38J-us-candidate-feature-matrix
U09014,TDEC,,CBOE,invalid_identity,v2.38J-us-candidate-feature-matrix
U09015,TDV,,CBOE,invalid_identity,v2.38J-us-candidate-feature-matrix
U09016,TDVI,,CBOE,invalid_identity,v2.38J-us-candidate-feature-matrix
U09017,TEMT,,CBOE,invalid_identity,v2.38J-us-candidate-feature-matrix
U09018,TEMX,,CBOE,invalid_identity,v2.38J-us-candidate-feature-matrix
U09019,TEND,,CBOE,invalid_identity,v2.38J-us-candidate-feature-matrix
U09020,TENJ,,CBOE,invalid_identity,v2.38J-us-candidate-feature-matrix
U09021,TENM,,CBOE,invalid_identity,v2.38J-us-candidate-feature-matrix
U09022,TEST,,CBOE,invalid_identity,v2.38J-us-candidate-feature-matrix
U09023,TFJL,,CBOE,invalid_identity,v2.38J-us-candidate-feature-matrix
U09024,TGLR,,CBOE,invalid_identity,v2.38J-us-candidate-feature-matrix
U09025,TILT,,CBOE,invalid_identity,v2.38J-us-candidate-feature-matrix
U09026,TJAN,,CBOE,invalid_identity,v2.38J-us-candidate-feature-matrix
U09027,TJUL,,CBOE,invalid_identity,v2.38J-us-candidate-feature-matrix
U09028,TJUN,,CBOE,invalid_identity,v2.38J-us-candidate-feature-matrix
U09029,TLDR,,CBOE,invalid_identity,v2.38J-us-candidate-feature-matrix
U09030,TLTI,,CBOE,invalid_identity,v2.38J-us-candidate-feature-matrix
U09031,TLTP,,CBOE,invalid_identity,v2.38J-us-candidate-feature-matrix
U09032,TLTW,,CBOE,invalid_identity,v2.38J-us-candidate-feature-matrix
U09033,TLTX,,CBOE,invalid_identity,v2.38J-us-candidate-feature-matrix
U09034,TMAR,,CBOE,invalid_identity,v2.38J-us-candidate-feature-matrix
U09035,TMAT,,CBOE,invalid_identity,v2.38J-us-candidate-feature-matrix
U09036,TMDV,,CBOE,invalid_identity,v2.38J-us-candidate-feature-matrix
U09037,TMFC,,CBOE,invalid_identity,v2.38J-us-candidate-feature-matrix
U09038,TMFE,,CBOE,invalid_identity,v2.38J-us-candidate-feature-matrix
U09039,TMFG,,CBOE,invalid_identity,v2.38J-us-candidate-feature-matrix
U09040,TMFM,,CBOE,invalid_identity,v2.38J-us-candidate-feature-matrix
U09041,TMFS,,CBOE,invalid_identity,v2.38J-us-candidate-feature-matrix
U09042,TMFX,,CBOE,invalid_identity,v2.38J-us-candidate-feature-matrix
U09043,TOCT,,CBOE,invalid_identity,v2.38J-us-candidate-feature-matrix
U09044,TOKE,,CBOE,invalid_identity,v2.38J-us-candidate-feature-matrix
U09045,TOLL,,CBOE,invalid_identity,v2.38J-us-candidate-feature-matrix
U09046,TOPW,,CBOE,invalid_identity,v2.38J-us-candidate-feature-matrix
U09047,TOS,,CBOE,invalid_identity,v2.38J-us-candidate-feature-matrix
U09048,TPAY,,CBOE,invalid_identity,v2.38J-us-candidate-feature-matrix
U09049,TRIO,,CBOE,invalid_identity,v2.38J-us-candidate-feature-matrix
U09050,TRPA,,CBOE,invalid_identity,v2.38J-us-candidate-feature-matrix
U09051,TRSY,,CBOE,invalid_identity,v2.38J-us-candidate-feature-matrix
U09052,TRTY,,CBOE,invalid_identity,v2.38J-us-candidate-feature-matrix
U09053,TSEP,,CBOE,invalid_identity,v2.38J-us-candidate-feature-matrix
U09054,TSII,,CBOE,invalid_identity,v2.38J-us-candidate-feature-matrix
U09055,TSLO,,CBOE,invalid_identity,v2.38J-us-candidate-feature-matrix
U09056,TSLP,,CBOE,invalid_identity,v2.38J-us-candidate-feature-matrix
U09057,TSLT,,CBOE,invalid_identity,v2.38J-us-candidate-feature-matrix
U09058,TSLW,,CBOE,invalid_identity,v2.38J-us-candidate-feature-matrix
U09059,TSLZ,,CBOE,invalid_identity,v2.38J-us-candidate-feature-matrix
U09060,TSPX,,CBOE,invalid_identity,v2.38J-us-candidate-feature-matrix
U09061,TSYW,,CBOE,invalid_identity,v2.38J-us-candidate-feature-matrix
U09062,TTDU,,CBOE,invalid_identity,v2.38J-us-candidate-feature-matrix
U09063,TUSI,,CBOE,invalid_identity,v2.38J-us-candidate-feature-matrix
U09064,TWOX,,CBOE,invalid_identity,v2.38J-us-candidate-feature-matrix
U09065,TYA,,CBOE,invalid_identity,v2.38J-us-candidate-feature-matrix
U09066,TYLD,,CBOE,invalid_identity,v2.38J-us-candidate-feature-matrix
U09067,UAPR,,CBOE,invalid_identity,v2.38J-us-candidate-feature-matrix
U09068,UAUG,,CBOE,invalid_identity,v2.38J-us-candidate-feature-matrix
U09069,UBEW,,CBOE,invalid_identity,v2.38J-us-candidate-feature-matrix
U09070,UDEC,,CBOE,invalid_identity,v2.38J-us-candidate-feature-matrix
U09071,UFEB,,CBOE,invalid_identity,v2.38J-us-candidate-feature-matrix
U09072,UFOD,,CBOE,invalid_identity,v2.38J-us-candidate-feature-matrix
U09073,UJAN,,CBOE,invalid_identity,v2.38J-us-candidate-feature-matrix
U09074,UJUL,,CBOE,invalid_identity,v2.38J-us-candidate-feature-matrix
U09075,UJUN,,CBOE,invalid_identity,v2.38J-us-candidate-feature-matrix
U09076,UMAR,,CBOE,invalid_identity,v2.38J-us-candidate-feature-matrix
U09077,UMAY,,CBOE,invalid_identity,v2.38J-us-candidate-feature-matrix
U09078,UNHW,,CBOE,invalid_identity,v2.38J-us-candidate-feature-matrix
U09079,UNOV,,CBOE,invalid_identity,v2.38J-us-candidate-feature-matrix
U09080,UNX,,CBOE,invalid_identity,v2.38J-us-candidate-feature-matrix
U09081,UOCT,,CBOE,invalid_identity,v2.38J-us-candidate-feature-matrix
U09082,UPSD,,CBOE,invalid_identity,v2.38J-us-candidate-feature-matrix
U09083,UPSX,,CBOE,invalid_identity,v2.38J-us-candidate-feature-matrix
U09084,URAN,,CBOE,invalid_identity,v2.38J-us-candidate-feature-matrix
U09085,USAX,,CBOE,invalid_identity,v2.38J-us-candidate-feature-matrix
U09086,USEP,,CBOE,invalid_identity,v2.38J-us-candidate-feature-matrix
U09087,USEW,,CBOE,invalid_identity,v2.38J-us-candidate-feature-matrix
U09088,USHY,,CBOE,invalid_identity,v2.38J-us-candidate-feature-matrix
U09089,USLN,,CBOE,invalid_identity,v2.38J-us-candidate-feature-matrix
U09090,USMF,,CBOE,invalid_identity,v2.38J-us-candidate-feature-matrix
U09091,USMV,,CBOE,invalid_identity,v2.38J-us-candidate-feature-matrix
U09092,UX,,CBOE,invalid_identity,v2.38J-us-candidate-feature-matrix
U09093,UXAP,,CBOE,invalid_identity,v2.38J-us-candidate-feature-matrix
U09094,UXJA,,CBOE,invalid_identity,v2.38J-us-candidate-feature-matrix
U09095,UXJL,,CBOE,invalid_identity,v2.38J-us-candidate-feature-matrix
U09096,UXOC,,CBOE,invalid_identity,v2.38J-us-candidate-feature-matrix
U09097,VAMO,,CBOE,invalid_identity,v2.38J-us-candidate-feature-matrix
U09098,VCEB,,CBOE,invalid_identity,v2.38J-us-candidate-feature-matrix
U09099,VCRM,,CBOE,invalid_identity,v2.38J-us-candidate-feature-matrix
U09100,VDIG,,CBOE,invalid_identity,v2.38J-us-candidate-feature-matrix
U09101,VEGN,,CBOE,invalid_identity,v2.38J-us-candidate-feature-matrix
U09102,VFMF,,CBOE,invalid_identity,v2.38J-us-candidate-feature-matrix
U09103,VFMO,,CBOE,invalid_identity,v2.38J-us-candidate-feature-matrix
U09104,VFMV,,CBOE,invalid_identity,v2.38J-us-candidate-feature-matrix
U09105,VFQY,,CBOE,invalid_identity,v2.38J-us-candidate-feature-matrix
U09106,VFVA,,CBOE,invalid_identity,v2.38J-us-candidate-feature-matrix
U09107,VGHY,,CBOE,invalid_identity,v2.38J-us-candidate-feature-matrix
U09108,VGMS,,CBOE,invalid_identity,v2.38J-us-candidate-feature-matrix
U09109,VLUE,,CBOE,invalid_identity,v2.38J-us-candidate-feature-matrix
U09110,VMAX,,CBOE,invalid_identity,v2.38J-us-candidate-feature-matrix
U09111,VNM,,CBOE,invalid_identity,v2.38J-us-candidate-feature-matrix
U09112,VOXP,,CBOE,invalid_identity,v2.38J-us-candidate-feature-matrix
U09113,VOYX,,CBOE,invalid_identity,v2.38J-us-candidate-feature-matrix
U09114,VSDB,,CBOE,invalid_identity,v2.38J-us-candidate-feature-matrix
U09115,VSDM,,CBOE,invalid_identity,v2.38J-us-candidate-feature-matrix
U09116,VSGX,,CBOE,invalid_identity,v2.38J-us-candidate-feature-matrix
U09117,VTEC,,CBOE,invalid_identity,v2.38J-us-candidate-feature-matrix
U09118,VTEI,,CBOE,invalid_identity,v2.38J-us-candidate-feature-matrix
U09119,VTEL,,CBOE,invalid_identity,v2.38J-us-candidate-feature-matrix
U09120,VUSB,,CBOE,invalid_identity,v2.38J-us-candidate-feature-matrix
U09121,VUSG,,CBOE,invalid_identity,v2.38J-us-candidate-feature-matrix
U09122,VUSV,,CBOE,invalid_identity,v2.38J-us-candidate-feature-matrix
U09123,VWID,,CBOE,invalid_identity,v2.38J-us-candidate-feature-matrix
U09124,WDCX,,CBOE,invalid_identity,v2.38J-us-candidate-feature-matrix
U09125,WDNA,,CBOE,invalid_identity,v2.38J-us-candidate-feature-matrix
U09126,WEED,,CBOE,invalid_identity,v2.38J-us-candidate-feature-matrix
U09127,WEEK,,CBOE,invalid_identity,v2.38J-us-candidate-feature-matrix
U09128,WLDR,,CBOE,invalid_identity,v2.38J-us-candidate-feature-matrix
U09129,WLDU,,CBOE,invalid_identity,v2.38J-us-candidate-feature-matrix
U09130,WMTI,,CBOE,invalid_identity,v2.38J-us-candidate-feature-matrix
U09131,WQTM,,CBOE,invalid_identity,v2.38J-us-candidate-feature-matrix
U09132,WTAI,,CBOE,invalid_identity,v2.38J-us-candidate-feature-matrix
U09133,WTLS,,CBOE,invalid_identity,v2.38J-us-candidate-feature-matrix
U09134,WUGI,,CBOE,invalid_identity,v2.38J-us-candidate-feature-matrix
U09135,WULX,,CBOE,invalid_identity,v2.38J-us-candidate-feature-matrix
U09136,WZRD,,CBOE,invalid_identity,v2.38J-us-candidate-feature-matrix
U09137,XAPR,,CBOE,invalid_identity,v2.38J-us-candidate-feature-matrix
U09138,XAUG,,CBOE,invalid_identity,v2.38J-us-candidate-feature-matrix
U09139,XBAP,,CBOE,invalid_identity,v2.38J-us-candidate-feature-matrix
U09140,XBJA,,CBOE,invalid_identity,v2.38J-us-candidate-feature-matrix
U09141,XBJL,,CBOE,invalid_identity,v2.38J-us-candidate-feature-matrix
U09142,XBOC,,CBOE,invalid_identity,v2.38J-us-candidate-feature-matrix
U09143,XBOX,,CBOE,invalid_identity,v2.38J-us-candidate-feature-matrix
U09144,XDAT,,CBOE,invalid_identity,v2.38J-us-candidate-feature-matrix
U09145,XDEC,,CBOE,invalid_identity,v2.38J-us-candidate-feature-matrix
U09146,XDIV,,CBOE,invalid_identity,v2.38J-us-candidate-feature-matrix
U09147,XDQQ,,CBOE,invalid_identity,v2.38J-us-candidate-feature-matrix
U09148,XDSQ,,CBOE,invalid_identity,v2.38J-us-candidate-feature-matrix
U09149,XDTE,,CBOE,invalid_identity,v2.38J-us-candidate-feature-matrix
U09150,XEMD,,CBOE,invalid_identity,v2.38J-us-candidate-feature-matrix
U09151,XEML,,CBOE,invalid_identity,v2.38J-us-candidate-feature-matrix
U09152,XFEB,,CBOE,invalid_identity,v2.38J-us-candidate-feature-matrix
U09153,XIDE,,CBOE,invalid_identity,v2.38J-us-candidate-feature-matrix
U09154,XIJN,,CBOE,invalid_identity,v2.38J-us-candidate-feature-matrix
U09155,XIMR,,CBOE,invalid_identity,v2.38J-us-candidate-feature-matrix
U09156,XISE,,CBOE,invalid_identity,v2.38J-us-candidate-feature-matrix
U09157,XJAN,,CBOE,invalid_identity,v2.38J-us-candidate-feature-matrix
U09158,XJH,,CBOE,invalid_identity,v2.38J-us-candidate-feature-matrix
U09159,XJR,,CBOE,invalid_identity,v2.38J-us-candidate-feature-matrix
U09160,XJUL,,CBOE,invalid_identity,v2.38J-us-candidate-feature-matrix
U09161,XJUN,,CBOE,invalid_identity,v2.38J-us-candidate-feature-matrix
U09162,XMAR,,CBOE,invalid_identity,v2.38J-us-candidate-feature-matrix
U09163,XMAY,,CBOE,invalid_identity,v2.38J-us-candidate-feature-matrix
U09164,XMPT,,CBOE,invalid_identity,v2.38J-us-candidate-feature-matrix
U09165,XNOV,,CBOE,invalid_identity,v2.38J-us-candidate-feature-matrix
U09166,XOCT,,CBOE,invalid_identity,v2.38J-us-candidate-feature-matrix
U09167,XOEX,,CBOE,invalid_identity,v2.38J-us-candidate-feature-matrix
U09168,XRPK,,CBOE,invalid_identity,v2.38J-us-candidate-feature-matrix
U09169,XRPM,,CBOE,invalid_identity,v2.38J-us-candidate-feature-matrix
U09170,XRPR,,CBOE,invalid_identity,v2.38J-us-candidate-feature-matrix
U09171,XSEP,,CBOE,invalid_identity,v2.38J-us-candidate-feature-matrix
U09172,XSHD,,CBOE,invalid_identity,v2.38J-us-candidate-feature-matrix
U09173,XSHQ,,CBOE,invalid_identity,v2.38J-us-candidate-feature-matrix
U09174,XTAP,,CBOE,invalid_identity,v2.38J-us-candidate-feature-matrix
U09175,XTJA,,CBOE,invalid_identity,v2.38J-us-candidate-feature-matrix
U09176,XTJL,,CBOE,invalid_identity,v2.38J-us-candidate-feature-matrix
U09177,XTOC,,CBOE,invalid_identity,v2.38J-us-candidate-feature-matrix
U09178,XUSP,,CBOE,invalid_identity,v2.38J-us-candidate-feature-matrix
U09179,XVOL,,CBOE,invalid_identity,v2.38J-us-candidate-feature-matrix
U09180,XVV,,CBOE,invalid_identity,v2.38J-us-candidate-feature-matrix
U09181,YBTC,,CBOE,invalid_identity,v2.38J-us-candidate-feature-matrix
U09182,YDEC,,CBOE,invalid_identity,v2.38J-us-candidate-feature-matrix
U09183,YETH,,CBOE,invalid_identity,v2.38J-us-candidate-feature-matrix
U09184,YJUN,,CBOE,invalid_identity,v2.38J-us-candidate-feature-matrix
U09185,YMAR,,CBOE,invalid_identity,v2.38J-us-candidate-feature-matrix
U09186,YSEP,,CBOE,invalid_identity,v2.38J-us-candidate-feature-matrix
U09187,ZALT,,CBOE,invalid_identity,v2.38J-us-candidate-feature-matrix
U09188,ZAPR,,CBOE,invalid_identity,v2.38J-us-candidate-feature-matrix
U09189,ZAUG,,CBOE,invalid_identity,v2.38J-us-candidate-feature-matrix
U09190,ZDEK,,CBOE,invalid_identity,v2.38J-us-candidate-feature-matrix
U09191,ZECP,,CBOE,invalid_identity,v2.38J-us-candidate-feature-matrix
U09192,ZFEB,,CBOE,invalid_identity,v2.38J-us-candidate-feature-matrix
U09193,ZJAN,,CBOE,invalid_identity,v2.38J-us-candidate-feature-matrix
U09194,ZJUL,,CBOE,invalid_identity,v2.38J-us-candidate-feature-matrix
U09195,ZJUN,,CBOE,invalid_identity,v2.38J-us-candidate-feature-matrix
U09196,ZMAR,,CBOE,invalid_identity,v2.38J-us-candidate-feature-matrix
U09197,ZMAY,,CBOE,invalid_identity,v2.38J-us-candidate-feature-matrix
U09198,ZNOV,,CBOE,invalid_identity,v2.38J-us-candidate-feature-matrix
U09199,ZOCT,,CBOE,invalid_identity,v2.38J-us-candidate-feature-matrix
U09200,ZSEP,,CBOE,invalid_identity,v2.38J-us-candidate-feature-matrix
U09201,ZVOL,,CBOE,invalid_identity,v2.38J-us-candidate-feature-matrix
