pilot_id,row_number,ticker,company_name,exchange,country,source_provider,instrument_type,type_bucket_v2_33a,provider_symbol_status,provider_symbol,eligibility_preflight_status,eligibility_preflight_reasons,price_collection_status,provider_symbol_reason
P001,41826,10X.AX,EXULTANT MINING LIMITED,ASX,Australia,ASX,equity,common_equity_candidate,resolved_deterministic,10X.AU,pass,,ready_pending_authorized_api_token,official_asx_au_suffix
P002,41537,AQC.AX,AUSTRALIAN PACIFIC COAL LIMITED,ASX,Australia,ASX,equity,common_equity_candidate,resolved_deterministic,AQC.AU,pass,,ready_pending_authorized_api_token,official_asx_au_suffix
P003,41592,BRE.AX,BRAZILIAN RARE EARTHS LIMITED,ASX,Australia,ASX,equity,common_equity_candidate,resolved_deterministic,BRE.AU,pass,,ready_pending_authorized_api_token,official_asx_au_suffix
P004,41718,CRR.AX,CRITICAL RESOURCES LIMITED,ASX,Australia,ASX,equity,common_equity_candidate,resolved_deterministic,CRR.AU,pass,,ready_pending_authorized_api_token,official_asx_au_suffix
P005,41792,EM3.AX,EMC GOLD CORPORATION,ASX,Australia,ASX,equity_like,common_equity_candidate,resolved_deterministic,EM3.AU,pass,,ready_pending_authorized_api_token,official_asx_au_suffix
P006,41879,GMD.AX,GENESIS MINERALS LIMITED,ASX,Australia,ASX,equity,common_equity_candidate,resolved_deterministic,GMD.AU,pass,,ready_pending_authorized_api_token,official_asx_au_suffix
P007,41977,IPC.AX,IMPERIAL PACIFIC LIMITED,ASX,Australia,ASX,equity,common_equity_candidate,resolved_deterministic,IPC.AU,pass,,ready_pending_authorized_api_token,official_asx_au_suffix
P008,42098,LSR.AX,LODESTAR MINERALS LIMITED,ASX,Australia,ASX,equity,common_equity_candidate,resolved_deterministic,LSR.AU,pass,,ready_pending_authorized_api_token,official_asx_au_suffix
P009,42231,NDO.AX,NIDO EDUCATION LIMITED,ASX,Australia,ASX,equity,common_equity_candidate,resolved_deterministic,NDO.AU,pass,,ready_pending_authorized_api_token,official_asx_au_suffix
P010,42306,PKO.AX,PEAKO LIMITED,ASX,Australia,ASX,equity,common_equity_candidate,resolved_deterministic,PKO.AU,pass,,ready_pending_authorized_api_token,official_asx_au_suffix
P011,42426,RTG.AX,RTG MINING INC.,ASX,Australia,ASX,equity_like,common_equity_candidate,resolved_deterministic,RTG.AU,pass,,ready_pending_authorized_api_token,official_asx_au_suffix
P012,41395,T3D.AX,333D LIMITED,ASX,Australia,ASX,equity,common_equity_candidate,resolved_deterministic,T3D.AU,pass,,ready_pending_authorized_api_token,official_asx_au_suffix
P013,42623,VKA.AX,VIKING MINES LIMITED,ASX,Australia,ASX,equity,common_equity_candidate,resolved_deterministic,VKA.AU,pass,,ready_pending_authorized_api_token,official_asx_au_suffix
P014,42495,ZSP.AX,STANDARD & POORS INDICES AUSTRALIA,ASX,Australia,ASX,equity_like,common_equity_candidate,excluded_non_company_index,,pass,,excluded_non_company,company_name_identifies_index_provider
P015,43088,COB01PAAO006,AO BANCO DE BOGOTA,BVC,Colombia,SFC_SIMEV_RNVE,colombia_equity_price_security,common_equity_candidate,unresolved,,pass,,blocked_pending_provider_mapping,requires_provider_search_or_identifier_mapping
P016,40302,1101.TW,臺灣水泥股份有限公司,TWSE,Taiwan,TWSE,Equity,common_equity_candidate,resolved_deterministic,1101.TW,pass,,ready_pending_authorized_api_token,official_taiwan_tw_suffix
P017,40401,1525.TW,江申工業股份有限公司,TWSE,Taiwan,TWSE,Equity,common_equity_candidate,resolved_deterministic,1525.TW,pass,,ready_pending_authorized_api_token,official_taiwan_tw_suffix
P018,40501,2102.TW,泰豐輪胎股份有限公司,TWSE,Taiwan,TWSE,Equity,common_equity_candidate,resolved_deterministic,2102.TW,pass,,ready_pending_authorized_api_token,official_taiwan_tw_suffix
P019,40600,2514.TW,龍邦國際興業股份有限公司,TWSE,Taiwan,TWSE,Equity,common_equity_candidate,resolved_deterministic,2514.TW,pass,,ready_pending_authorized_api_token,official_taiwan_tw_suffix
P020,40699,3049.TW,精金科技股份有限公司,TWSE,Taiwan,TWSE,Equity,common_equity_candidate,resolved_deterministic,3049.TW,pass,,ready_pending_authorized_api_token,official_taiwan_tw_suffix
P021,40798,4952.TW,凌通科技股份有限公司,TWSE,Taiwan,TWSE,Equity,common_equity_candidate,resolved_deterministic,4952.TW,pass,,ready_pending_authorized_api_token,official_taiwan_tw_suffix
P022,40898,6756.TW,威鋒電子股份有限公司,TWSE,Taiwan,TWSE,Equity,common_equity_candidate,resolved_deterministic,6756.TW,pass,,ready_pending_authorized_api_token,official_taiwan_tw_suffix
P023,40997,9958.TW,世紀鋼鐵結構股份有限公司,TWSE,Taiwan,TWSE,Equity,common_equity_candidate,resolved_deterministic,9958.TW,pass,,ready_pending_authorized_api_token,official_taiwan_tw_suffix
P024,18530,013Ad,JD.com Inc,CBOE_EUROPE,,cboe_europe_reference_data,EQTY,common_equity_candidate,unresolved,,pass,,blocked_pending_provider_mapping,cross_listing_requires_home_exchange_or_identifier_mapping
P025,18621,0HR4l,CMS Energy Corp,CBOE_EUROPE,,cboe_europe_reference_data,EQTY,common_equity_candidate,unresolved,,pass,,blocked_pending_provider_mapping,cross_listing_requires_home_exchange_or_identifier_mapping
P026,18716,0J76l,Huntington Ingalls Industries Inc,CBOE_EUROPE,,cboe_europe_reference_data,EQTY,common_equity_candidate,unresolved,,pass,,blocked_pending_provider_mapping,cross_listing_requires_home_exchange_or_identifier_mapping
P027,18814,0KTSl,Ralph Lauren Corp,CBOE_EUROPE,,cboe_europe_reference_data,EQTY,common_equity_candidate,unresolved,,pass,,blocked_pending_provider_mapping,cross_listing_requires_home_exchange_or_identifier_mapping
P028,18913,0QAHl,Merck & Co Inc,CBOE_EUROPE,,cboe_europe_reference_data,EQTY,common_equity_candidate,unresolved,,pass,,blocked_pending_provider_mapping,cross_listing_requires_home_exchange_or_identifier_mapping
P029,19003,0UBd,UBS Group AG,CBOE_EUROPE,,cboe_europe_reference_data,EQTY,common_equity_candidate,unresolved,,pass,,blocked_pending_provider_mapping,cross_listing_requires_home_exchange_or_identifier_mapping
P030,19096,1330n,Dynagreen Environmental Protection Group Co Ltd,CBOE_EUROPE,,cboe_europe_reference_data,EQTY,common_equity_candidate,unresolved,,pass,,blocked_pending_provider_mapping,cross_listing_requires_home_exchange_or_identifier_mapping
P031,19188,19Hd,Hercules Capital Inc,CBOE_EUROPE,,cboe_europe_reference_data,EQTY,common_equity_candidate,unresolved,,pass,,blocked_pending_provider_mapping,cross_listing_requires_home_exchange_or_identifier_mapping
P032,19271,1BAm,Boeing Co/The,CBOE_EUROPE,,cboe_europe_reference_data,EQTY,common_equity_candidate,unresolved,,pass,,blocked_pending_provider_mapping,cross_listing_requires_home_exchange_or_identifier_mapping
P033,19353,1DECKm,Deckers Outdoor Corp,CBOE_EUROPE,,cboe_europe_reference_data,EQTY,common_equity_candidate,unresolved,,pass,,blocked_pending_provider_mapping,cross_listing_requires_home_exchange_or_identifier_mapping
P034,19442,1GDm,General Dynamics Corp,CBOE_EUROPE,,cboe_europe_reference_data,EQTY,common_equity_candidate,unresolved,,pass,,blocked_pending_provider_mapping,cross_listing_requires_home_exchange_or_identifier_mapping
P035,19531,1KDPm,Keurig Dr Pepper Inc,CBOE_EUROPE,,cboe_europe_reference_data,EQTY,common_equity_candidate,unresolved,,pass,,blocked_pending_provider_mapping,cross_listing_requires_home_exchange_or_identifier_mapping
P036,19618,1NESTm,Neste Oyj,CBOE_EUROPE,,cboe_europe_reference_data,EQTY,common_equity_candidate,unresolved,,pass,,blocked_pending_provider_mapping,cross_listing_requires_home_exchange_or_identifier_mapping
P037,19699,1SANDm,Sandvik AB,CBOE_EUROPE,,cboe_europe_reference_data,EQTY,common_equity_candidate,unresolved,,pass,,blocked_pending_provider_mapping,cross_listing_requires_home_exchange_or_identifier_mapping
P038,19785,1TRMBm,Trimble Inc,CBOE_EUROPE,,cboe_europe_reference_data,EQTY,common_equity_candidate,unresolved,,pass,,blocked_pending_provider_mapping,cross_listing_requires_home_exchange_or_identifier_mapping
P039,19868,2006n,Shanghai Jin Jiang International Hotels Group Co Ltd,CBOE_EUROPE,,cboe_europe_reference_data,EQTY,common_equity_candidate,unresolved,,pass,,blocked_pending_provider_mapping,cross_listing_requires_home_exchange_or_identifier_mapping
P040,9290,2FEd,Ferrari NV,CBOE_EUROPE,,cboe_europe_reference_data,EQTY,common_equity_candidate,unresolved,,pass,,blocked_pending_provider_mapping,cross_listing_requires_home_exchange_or_identifier_mapping
P041,20081,384n,China Gas Holdings Ltd,CBOE_EUROPE,,cboe_europe_reference_data,EQTY,common_equity_candidate,unresolved,,pass,,blocked_pending_provider_mapping,cross_listing_requires_home_exchange_or_identifier_mapping
P042,20268,4BBl,4basebio PLC,CBOE_EUROPE,,cboe_europe_reference_data,EQTY,common_equity_candidate,unresolved,,pass,,blocked_pending_provider_mapping,cross_listing_requires_home_exchange_or_identifier_mapping
P043,20403,6457n,Glory Ltd,CBOE_EUROPE,,cboe_europe_reference_data,EQTY,common_equity_candidate,unresolved,,pass,,blocked_pending_provider_mapping,cross_listing_requires_home_exchange_or_identifier_mapping
P044,20491,762n,China Unicom Hong Kong Ltd,CBOE_EUROPE,,cboe_europe_reference_data,EQTY,common_equity_candidate,unresolved,,pass,,blocked_pending_provider_mapping,cross_listing_requires_home_exchange_or_identifier_mapping
P045,20580,895n,Dongjiang Environmental Co Ltd,CBOE_EUROPE,,cboe_europe_reference_data,EQTY,common_equity_candidate,unresolved,,pass,,blocked_pending_provider_mapping,cross_listing_requires_home_exchange_or_identifier_mapping
P046,9586,AABc,Aalborg Boldspilklub A/S,CBOE_EUROPE,,cboe_europe_reference_data,EQTY,common_equity_candidate,unresolved,,pass,,blocked_pending_provider_mapping,cross_listing_requires_home_exchange_or_identifier_mapping
P047,20747,ACKHYc,European High Yield KL,CBOE_EUROPE,,cboe_europe_reference_data,EQTY,common_equity_candidate,unresolved,,pass,,blocked_pending_provider_mapping,cross_listing_requires_home_exchange_or_identifier_mapping
P048,20833,AEGOFn,Aegon NV,CBOE_EUROPE,,cboe_europe_reference_data,EQTY,common_equity_candidate,unresolved,,pass,,blocked_pending_provider_mapping,cross_listing_requires_home_exchange_or_identifier_mapping
P049,20928,AICl,Achilles Investment Co Ltd,CBOE_EUROPE,,cboe_europe_reference_data,EQTY,common_equity_candidate,unresolved,,pass,,blocked_pending_provider_mapping,cross_listing_requires_home_exchange_or_identifier_mapping
P050,21014,ALBOAp,BOA Concept SACA,CBOE_EUROPE,,cboe_europe_reference_data,EQTY,common_equity_candidate,unresolved,,pass,,blocked_pending_provider_mapping,cross_listing_requires_home_exchange_or_identifier_mapping
P051,21097,ALHPIp,Hopium SA,CBOE_EUROPE,,cboe_europe_reference_data,EQTY,common_equity_candidate,unresolved,,pass,,blocked_pending_provider_mapping,cross_listing_requires_home_exchange_or_identifier_mapping
P052,9860,ALPNz,Alpine Select AG,CBOE_EUROPE,,cboe_europe_reference_data,EQTY,common_equity_candidate,unresolved,,pass,,blocked_pending_provider_mapping,cross_listing_requires_home_exchange_or_identifier_mapping
P053,9879,AMBUBc,Ambu A/S,CBOE_EUROPE,,cboe_europe_reference_data,EQTY,common_equity_candidate,unresolved,,pass,,blocked_pending_provider_mapping,cross_listing_requires_home_exchange_or_identifier_mapping
P054,9941,APETIh,Apetit Oyj,CBOE_EUROPE,,cboe_europe_reference_data,EQTY,common_equity_candidate,unresolved,,pass,,blocked_pending_provider_mapping,cross_listing_requires_home_exchange_or_identifier_mapping
P055,21464,ASEw,Asseco South Eastern Europe SA,CBOE_EUROPE,,cboe_europe_reference_data,EQTY,common_equity_candidate,unresolved,,pass,,blocked_pending_provider_mapping,cross_listing_requires_home_exchange_or_identifier_mapping
P056,21552,AURAl,Aura Energy Ltd,CBOE_EUROPE,,cboe_europe_reference_data,EQTY,common_equity_candidate,unresolved,,pass,,blocked_pending_provider_mapping,cross_listing_requires_home_exchange_or_identifier_mapping
P057,21652,BA05l,Morgan Advanced Materials PLC,CBOE_EUROPE,,cboe_europe_reference_data,EQTY,common_equity_candidate,unresolved,,pass,,blocked_pending_provider_mapping,cross_listing_requires_home_exchange_or_identifier_mapping
P058,10205,BCGEz,Banque Cantonale de Geneve,CBOE_EUROPE,,cboe_europe_reference_data,EQTY,common_equity_candidate,unresolved,,pass,,blocked_pending_provider_mapping,cross_listing_requires_home_exchange_or_identifier_mapping
P059,21789,BHP1d,BHP Group Ltd,CBOE_EUROPE,,cboe_europe_reference_data,EQTY,common_equity_candidate,unresolved,,pass,,blocked_pending_provider_mapping,cross_listing_requires_home_exchange_or_identifier_mapping
P060,21870,BLKz,Blackrock Inc,CBOE_EUROPE,,cboe_europe_reference_data,EQTY,common_equity_candidate,unresolved,,pass,,blocked_pending_provider_mapping,cross_listing_requires_home_exchange_or_identifier_mapping
P061,10374,BOSNz,Bossard Holding AG,CBOE_EUROPE,,cboe_europe_reference_data,EQTY,common_equity_candidate,unresolved,,pass,,blocked_pending_provider_mapping,cross_listing_requires_home_exchange_or_identifier_mapping
P062,22051,BTAFFn,British American Tobacco PLC,CBOE_EUROPE,,cboe_europe_reference_data,EQTY,common_equity_candidate,unresolved,,pass,,blocked_pending_provider_mapping,cross_listing_requires_home_exchange_or_identifier_mapping
P063,10539,C5Hi,Cairn Homes PLC,CBOE_EUROPE,,cboe_europe_reference_data,EQTY,common_equity_candidate,unresolved,,pass,,blocked_pending_provider_mapping,cross_listing_requires_home_exchange_or_identifier_mapping
P064,22218,CBOXl,Cake Box Holdings PLC,CBOE_EUROPE,,cboe_europe_reference_data,EQTY,common_equity_candidate,unresolved,,pass,,blocked_pending_provider_mapping,cross_listing_requires_home_exchange_or_identifier_mapping
P065,22353,CFXd,Capital One Financial Corp,CBOE_EUROPE,,cboe_europe_reference_data,EQTY,common_equity_candidate,unresolved,,pass,,blocked_pending_provider_mapping,cross_listing_requires_home_exchange_or_identifier_mapping
P066,22439,CLEMs,Clemondo Group AB,CBOE_EUROPE,,cboe_europe_reference_data,EQTY,common_equity_candidate,unresolved,,pass,,blocked_pending_provider_mapping,cross_listing_requires_home_exchange_or_identifier_mapping
P067,10930,COHp,Coheris SA,CBOE_EUROPE,,cboe_europe_reference_data,EQTY,common_equity_candidate,unresolved,,pass,,blocked_pending_provider_mapping,cross_listing_requires_home_exchange_or_identifier_mapping
P068,22617,CPZ1d,Cousins Properties Inc,CBOE_EUROPE,,cboe_europe_reference_data,EQTY,common_equity_candidate,unresolved,,pass,,blocked_pending_provider_mapping,cross_listing_requires_home_exchange_or_identifier_mapping
P069,22701,CTW0d,Celestica Inc,CBOE_EUROPE,,cboe_europe_reference_data,EQTY,common_equity_candidate,unresolved,,pass,,blocked_pending_provider_mapping,cross_listing_requires_home_exchange_or_identifier_mapping
P070,11220,DB1d,Deutsche Boerse AG,CBOE_EUROPE,,cboe_europe_reference_data,EQTY,common_equity_candidate,unresolved,,pass,,blocked_pending_provider_mapping,cross_listing_requires_home_exchange_or_identifier_mapping
P071,22899,DHHm,DHH SpA,CBOE_EUROPE,,cboe_europe_reference_data,EQTY,common_equity_candidate,unresolved,,pass,,blocked_pending_provider_mapping,cross_listing_requires_home_exchange_or_identifier_mapping
P072,23016,DMYDBs,DIAMYD MEDICAL AB,CBOE_EUROPE,,cboe_europe_reference_data,EQTY,common_equity_candidate,unresolved,,pass,,blocked_pending_provider_mapping,cross_listing_requires_home_exchange_or_identifier_mapping
P073,23094,DSY2v,Dassault Systemes SE,CBOE_EUROPE,,cboe_europe_reference_data,EQTY,common_equity_candidate,unresolved,,pass,,blocked_pending_provider_mapping,cross_listing_requires_home_exchange_or_identifier_mapping
P074,23201,EBRn,Centrais Eletricas Brasileiras SA,CBOE_EUROPE,,cboe_europe_reference_data,EQTY,common_equity_candidate,unresolved,,pass,,blocked_pending_provider_mapping,cross_listing_requires_home_exchange_or_identifier_mapping
P075,23332,EJFIl,EJF Investments Ltd,CBOE_EUROPE,,cboe_europe_reference_data,EQTY,common_equity_candidate,unresolved,,pass,,blocked_pending_provider_mapping,cross_listing_requires_home_exchange_or_identifier_mapping
P076,23457,EMVCl,EMV Capital PLC,CBOE_EUROPE,,cboe_europe_reference_data,EQTY,common_equity_candidate,unresolved,,pass,,blocked_pending_provider_mapping,cross_listing_requires_home_exchange_or_identifier_mapping
P077,23534,EPROs,Europris ASA,CBOE_EUROPE,,cboe_europe_reference_data,EQTY,common_equity_candidate,unresolved,,pass,,blocked_pending_provider_mapping,cross_listing_requires_home_exchange_or_identifier_mapping
P078,23732,EUZGv,Eckert & Ziegler SE,CBOE_EUROPE,,cboe_europe_reference_data,EQTY,common_equity_candidate,unresolved,,pass,,blocked_pending_provider_mapping,cross_listing_requires_home_exchange_or_identifier_mapping
P079,12314,FB2Ad,Meta Platforms Inc,CBOE_EUROPE,,cboe_europe_reference_data,EQTY,common_equity_candidate,unresolved,,pass,,blocked_pending_provider_mapping,cross_listing_requires_home_exchange_or_identifier_mapping
P080,12415,FLERIs,Flerie AB,CBOE_EUROPE,,cboe_europe_reference_data,EQTY,common_equity_candidate,unresolved,,pass,,blocked_pending_provider_mapping,cross_listing_requires_home_exchange_or_identifier_mapping
P081,24088,FPILIc,Formuepleje LimiTTellus akk,CBOE_EUROPE,,cboe_europe_reference_data,EQTY,common_equity_candidate,unresolved,,pass,,blocked_pending_provider_mapping,cross_listing_requires_home_exchange_or_identifier_mapping
P082,12577,FUTRl,Future PLC,CBOE_EUROPE,,cboe_europe_reference_data,EQTY,common_equity_candidate,unresolved,,pass,,blocked_pending_provider_mapping,cross_listing_requires_home_exchange_or_identifier_mapping
P083,12685,GENLl,Genel Energy Plc,CBOE_EUROPE,,cboe_europe_reference_data,EQTY,common_equity_candidate,unresolved,,pass,,blocked_pending_provider_mapping,cross_listing_requires_home_exchange_or_identifier_mapping
P084,24425,GMETl,Guardian Metal Resources PLC,CBOE_EUROPE,,cboe_europe_reference_data,EQTY,common_equity_candidate,unresolved,,pass,,blocked_pending_provider_mapping,cross_listing_requires_home_exchange_or_identifier_mapping
P085,24529,GRRMFn,Gerresheimer AG,CBOE_EUROPE,,cboe_europe_reference_data,EQTY,common_equity_candidate,unresolved,,pass,,blocked_pending_provider_mapping,cross_listing_requires_home_exchange_or_identifier_mapping
P086,24649,HAINn,Hain Celestial Group Inc/The,CBOE_EUROPE,,cboe_europe_reference_data,EQTY,common_equity_candidate,unresolved,,pass,,blocked_pending_provider_mapping,cross_listing_requires_home_exchange_or_identifier_mapping
P087,24733,HENOFn,Henkel AG & Co KGaA,CBOE_EUROPE,,cboe_europe_reference_data,EQTY,common_equity_candidate,unresolved,,pass,,blocked_pending_provider_mapping,cross_listing_requires_home_exchange_or_identifier_mapping
P088,24834,HOCd,HolidayCheck Group AG,CBOE_EUROPE,,cboe_europe_reference_data,EQTY,common_equity_candidate,unresolved,,pass,,blocked_pending_provider_mapping,cross_listing_requires_home_exchange_or_identifier_mapping
P089,24937,HVBd,Uestra Hannoversche Verkehrsbetriebe AG,CBOE_EUROPE,,cboe_europe_reference_data,EQTY,common_equity_candidate,unresolved,,pass,,blocked_pending_provider_mapping,cross_listing_requires_home_exchange_or_identifier_mapping
P090,25069,IDNTTm,ID-Entity SA,CBOE_EUROPE,,cboe_europe_reference_data,EQTY,common_equity_candidate,unresolved,,pass,,blocked_pending_provider_mapping,cross_listing_requires_home_exchange_or_identifier_mapping
P091,25185,IMPw,Impera Capital Alternatywna Spolka Inwestycyjna SA,CBOE_EUROPE,,cboe_europe_reference_data,EQTY,common_equity_candidate,unresolved,,pass,,blocked_pending_provider_mapping,cross_listing_requires_home_exchange_or_identifier_mapping
P092,13619,IOSd,IONOS Group SE,CBOE_EUROPE,,cboe_europe_reference_data,EQTY,common_equity_candidate,unresolved,,pass,,blocked_pending_provider_mapping,cross_listing_requires_home_exchange_or_identifier_mapping
P093,25398,IVNm,Ivision Tech SpA,CBOE_EUROPE,,cboe_europe_reference_data,EQTY,common_equity_candidate,unresolved,,pass,,blocked_pending_provider_mapping,cross_listing_requires_home_exchange_or_identifier_mapping
P094,25546,JNEOl,Journeo PLC,CBOE_EUROPE,,cboe_europe_reference_data,EQTY,common_equity_candidate,unresolved,,pass,,blocked_pending_provider_mapping,cross_listing_requires_home_exchange_or_identifier_mapping
P095,14121,KDVBs,KDventures AB,CBOE_EUROPE,,cboe_europe_reference_data,EQTY,common_equity_candidate,unresolved,,pass,,blocked_pending_provider_mapping,cross_listing_requires_home_exchange_or_identifier_mapping
P096,25785,KNMl,Konami Group Corp,CBOE_EUROPE,,cboe_europe_reference_data,EQTY,common_equity_candidate,unresolved,,pass,,blocked_pending_provider_mapping,cross_listing_requires_home_exchange_or_identifier_mapping
P097,25852,KVTw,Krynica Vitamin SA,CBOE_EUROPE,,cboe_europe_reference_data,EQTY,common_equity_candidate,unresolved,,pass,,blocked_pending_provider_mapping,cross_listing_requires_home_exchange_or_identifier_mapping
P098,25971,LHAv,Deutsche Lufthansa AG,CBOE_EUROPE,,cboe_europe_reference_data,EQTY,common_equity_candidate,unresolved,,pass,,blocked_pending_provider_mapping,cross_listing_requires_home_exchange_or_identifier_mapping
P099,14389,LOTBb,Lotus Bakeries NV,CBOE_EUROPE,,cboe_europe_reference_data,EQTY,common_equity_candidate,unresolved,,pass,,blocked_pending_provider_mapping,cross_listing_requires_home_exchange_or_identifier_mapping
P100,14535,M3Vd,MeVis Medical Solutions AG,CBOE_EUROPE,,cboe_europe_reference_data,EQTY,common_equity_candidate,unresolved,,pass,,blocked_pending_provider_mapping,cross_listing_requires_home_exchange_or_identifier_mapping
P101,26239,MCKd,McKesson Corp,CBOE_EUROPE,,cboe_europe_reference_data,EQTY,common_equity_candidate,unresolved,,pass,,blocked_pending_provider_mapping,cross_listing_requires_home_exchange_or_identifier_mapping
P102,14648,MGNSl,Morgan Sindall Group PLC,CBOE_EUROPE,,cboe_europe_reference_data,EQTY,common_equity_candidate,unresolved,,pass,,blocked_pending_provider_mapping,cross_listing_requires_home_exchange_or_identifier_mapping
P103,26410,MMMn,3M Co,CBOE_EUROPE,,cboe_europe_reference_data,EQTY,common_equity_candidate,unresolved,,pass,,blocked_pending_provider_mapping,cross_listing_requires_home_exchange_or_identifier_mapping
P104,26475,MRBw,Mirbud SA,CBOE_EUROPE,,cboe_europe_reference_data,EQTY,common_equity_candidate,unresolved,,pass,,blocked_pending_provider_mapping,cross_listing_requires_home_exchange_or_identifier_mapping
P105,26552,MURGFn,Muenchener Rueckversicherungs AG,CBOE_EUROPE,,cboe_europe_reference_data,EQTY,common_equity_candidate,unresolved,,pass,,blocked_pending_provider_mapping,cross_listing_requires_home_exchange_or_identifier_mapping
P106,26661,NCH2v,Thyssenkrupp Nucera AG & Co KGaa,CBOE_EUROPE,,cboe_europe_reference_data,EQTY,common_equity_candidate,unresolved,,pass,,blocked_pending_provider_mapping,cross_listing_requires_home_exchange_or_identifier_mapping
P107,26725,NFXl,Nuformix PLC,CBOE_EUROPE,,cboe_europe_reference_data,EQTY,common_equity_candidate,unresolved,,pass,,blocked_pending_provider_mapping,cross_listing_requires_home_exchange_or_identifier_mapping
P108,15008,NORTHo,North Energy ASA,CBOE_EUROPE,,cboe_europe_reference_data,EQTY,common_equity_candidate,unresolved,,pass,,blocked_pending_provider_mapping,cross_listing_requires_home_exchange_or_identifier_mapping
P109,26862,NWGw,NEWAG SA,CBOE_EUROPE,,cboe_europe_reference_data,EQTY,common_equity_candidate,unresolved,,pass,,blocked_pending_provider_mapping,cross_listing_requires_home_exchange_or_identifier_mapping
P110,26938,OHBAd,OHB SE,CBOE_EUROPE,,cboe_europe_reference_data,EQTY,common_equity_candidate,unresolved,,pass,,blocked_pending_provider_mapping,cross_listing_requires_home_exchange_or_identifier_mapping
P111,27009,ORKLFn,Orkla ASA,CBOE_EUROPE,,cboe_europe_reference_data,EQTY,common_equity_candidate,unresolved,,pass,,blocked_pending_provider_mapping,cross_listing_requires_home_exchange_or_identifier_mapping
P112,15201,PALv,Palfinger AG,CBOE_EUROPE,,cboe_europe_reference_data,EQTY,common_equity_candidate,unresolved,,pass,,blocked_pending_provider_mapping,cross_listing_requires_home_exchange_or_identifier_mapping
P113,27157,PETGt,Petrol DD Ljubljana,CBOE_EUROPE,,cboe_europe_reference_data,EQTY,common_equity_candidate,unresolved,,pass,,blocked_pending_provider_mapping,cross_listing_requires_home_exchange_or_identifier_mapping
P114,27231,PLABn,Photronics Inc,CBOE_EUROPE,,cboe_europe_reference_data,EQTY,common_equity_candidate,unresolved,,pass,,blocked_pending_provider_mapping,cross_listing_requires_home_exchange_or_identifier_mapping
P115,27295,PPLn,Pembina Pipeline Corp,CBOE_EUROPE,,cboe_europe_reference_data,EQTY,common_equity_candidate,unresolved,,pass,,blocked_pending_provider_mapping,cross_listing_requires_home_exchange_or_identifier_mapping
P116,27389,PTRm,Pattern SpA,CBOE_EUROPE,,cboe_europe_reference_data,EQTY,common_equity_candidate,unresolved,,pass,,blocked_pending_provider_mapping,cross_listing_requires_home_exchange_or_identifier_mapping
P117,27487,QUADf,Quantum Developments REIT PLC,CBOE_EUROPE,,cboe_europe_reference_data,EQTY,common_equity_candidate,unresolved,,pass,,blocked_pending_provider_mapping,cross_listing_requires_home_exchange_or_identifier_mapping
P118,15570,RECTb,Recticel SA,CBOE_EUROPE,,cboe_europe_reference_data,EQTY,common_equity_candidate,unresolved,,pass,,blocked_pending_provider_mapping,cross_listing_requires_home_exchange_or_identifier_mapping
P119,15628,RLIAe,Realia Business SA,CBOE_EUROPE,,cboe_europe_reference_data,EQTY,common_equity_candidate,unresolved,,pass,,blocked_pending_provider_mapping,cross_listing_requires_home_exchange_or_identifier_mapping
P120,27711,RTLLFn,Rational AG,CBOE_EUROPE,,cboe_europe_reference_data,EQTY,common_equity_candidate,unresolved,,pass,,blocked_pending_provider_mapping,cross_listing_requires_home_exchange_or_identifier_mapping
P121,15755,SAMPOh,Sampo Oyj,CBOE_EUROPE,,cboe_europe_reference_data,EQTY,common_equity_candidate,unresolved,,pass,,blocked_pending_provider_mapping,cross_listing_requires_home_exchange_or_identifier_mapping
P122,15831,SCMNz,Swisscom AG,CBOE_EUROPE,,cboe_europe_reference_data,EQTY,common_equity_candidate,unresolved,,pass,,blocked_pending_provider_mapping,cross_listing_requires_home_exchange_or_identifier_mapping
P123,27984,SFCAp,Societe francaise de Casinos,CBOE_EUROPE,,cboe_europe_reference_data,EQTY,common_equity_candidate,unresolved,,pass,,blocked_pending_provider_mapping,cross_listing_requires_home_exchange_or_identifier_mapping
P124,16004,SIGNz,SIG Group AG,CBOE_EUROPE,,cboe_europe_reference_data,EQTY,common_equity_candidate,unresolved,,pass,,blocked_pending_provider_mapping,cross_listing_requires_home_exchange_or_identifier_mapping
P125,28138,SMAWFn,Siemens AG,CBOE_EUROPE,,cboe_europe_reference_data,EQTY,common_equity_candidate,unresolved,,pass,,blocked_pending_provider_mapping,cross_listing_requires_home_exchange_or_identifier_mapping
P126,28218,SOLNAs,Solnaberg Property AB,CBOE_EUROPE,,cboe_europe_reference_data,EQTY,common_equity_candidate,unresolved,,pass,,blocked_pending_provider_mapping,cross_listing_requires_home_exchange_or_identifier_mapping
P127,28368,SQn,Square Inc,CBOE_EUROPE,,cboe_europe_reference_data,EQTY,common_equity_candidate,unresolved,,pass,,blocked_pending_provider_mapping,cross_listing_requires_home_exchange_or_identifier_mapping
P128,16387,STRNz,Schlatter Industries AG,CBOE_EUROPE,,cboe_europe_reference_data,EQTY,common_equity_candidate,unresolved,,pass,,blocked_pending_provider_mapping,cross_listing_requires_home_exchange_or_identifier_mapping
P129,16548,SYKd,Stryker Corp,CBOE_EUROPE,,cboe_europe_reference_data,EQTY,common_equity_candidate,unresolved,,pass,,blocked_pending_provider_mapping,cross_listing_requires_home_exchange_or_identifier_mapping
P130,28657,TECKn,Teck Resources Ltd,CBOE_EUROPE,,cboe_europe_reference_data,EQTY,common_equity_candidate,unresolved,,pass,,blocked_pending_provider_mapping,cross_listing_requires_home_exchange_or_identifier_mapping
P131,28703,THLEFn,Thales SA,CBOE_EUROPE,,cboe_europe_reference_data,EQTY,common_equity_candidate,unresolved,,pass,,blocked_pending_provider_mapping,cross_listing_requires_home_exchange_or_identifier_mapping
P132,28777,TMRk,Tatry mountain resorts AS,CBOE_EUROPE,,cboe_europe_reference_data,EQTY,common_equity_candidate,unresolved,,pass,,blocked_pending_provider_mapping,cross_listing_requires_home_exchange_or_identifier_mapping
P133,16792,TRMDAc,TORM PLC,CBOE_EUROPE,,cboe_europe_reference_data,EQTY,common_equity_candidate,unresolved,,pass,,blocked_pending_provider_mapping,cross_listing_requires_home_exchange_or_identifier_mapping
P134,28942,TWLOv,Twilio Inc,CBOE_EUROPE,,cboe_europe_reference_data,EQTY,common_equity_candidate,unresolved,,pass,,blocked_pending_provider_mapping,cross_listing_requires_home_exchange_or_identifier_mapping
P135,29123,UNIBAs,Unibap Space Solutions AB,CBOE_EUROPE,,cboe_europe_reference_data,EQTY,common_equity_candidate,unresolved,,pass,,blocked_pending_provider_mapping,cross_listing_requires_home_exchange_or_identifier_mapping
P136,17228,VBGBs,VBG Group AB,CBOE_EUROPE,,cboe_europe_reference_data,EQTY,common_equity_candidate,unresolved,,pass,,blocked_pending_provider_mapping,cross_listing_requires_home_exchange_or_identifier_mapping
P137,17372,VKp,Vallourec SACA,CBOE_EUROPE,,cboe_europe_reference_data,EQTY,common_equity_candidate,unresolved,,pass,,blocked_pending_provider_mapping,cross_listing_requires_home_exchange_or_identifier_mapping
P138,29499,VTLw,Vistal Gdynia SA,CBOE_EUROPE,,cboe_europe_reference_data,EQTY,common_equity_candidate,unresolved,,pass,,blocked_pending_provider_mapping,cross_listing_requires_home_exchange_or_identifier_mapping
P139,29646,WIBd,Wienerberger AG,CBOE_EUROPE,,cboe_europe_reference_data,EQTY,common_equity_candidate,unresolved,,pass,,blocked_pending_provider_mapping,cross_listing_requires_home_exchange_or_identifier_mapping
P140,29794,WWIBOs,Wilh Wilhelmsen Holding ASA,CBOE_EUROPE,,cboe_europe_reference_data,EQTY,common_equity_candidate,unresolved,,pass,,blocked_pending_provider_mapping,cross_listing_requires_home_exchange_or_identifier_mapping
P141,18379,YPSNz,Ypsomed Holding AG,CBOE_EUROPE,,cboe_europe_reference_data,EQTY,common_equity_candidate,unresolved,,pass,,blocked_pending_provider_mapping,cross_listing_requires_home_exchange_or_identifier_mapping
P142,30355,ZZBs,Zinzino AB,CBOE_EUROPE,,cboe_europe_reference_data,EQTY,common_equity_candidate,unresolved,,pass,,blocked_pending_provider_mapping,cross_listing_requires_home_exchange_or_identifier_mapping
P143,33160,1301,"KYOKUYO CO.,LTD.",JPX,JP,jpx_listed_securities,equity,common_equity_candidate,unresolved,,pass,,blocked_pending_provider_mapping,requires_eodhd_exchange_catalog_confirmation
P144,33250,1803,SHIMIZU CORPORATION,JPX,JP,jpx_listed_securities,equity,common_equity_candidate,unresolved,,pass,,blocked_pending_provider_mapping,requires_eodhd_exchange_catalog_confirmation
P145,33341,1994,TAKAHASHI CURTAIN WALL CORPORATION,JPX,JP,jpx_listed_securities,equity,common_equity_candidate,unresolved,,pass,,blocked_pending_provider_mapping,requires_eodhd_exchange_catalog_confirmation
P146,33432,2294,"Kakiyasu Honten Co.,Ltd.",JPX,JP,jpx_listed_securities,equity,common_equity_candidate,unresolved,,pass,,blocked_pending_provider_mapping,requires_eodhd_exchange_catalog_confirmation
P147,33522,2492,Infomart Corporation,JPX,JP,jpx_listed_securities,equity,common_equity_candidate,unresolved,,pass,,blocked_pending_provider_mapping,requires_eodhd_exchange_catalog_confirmation
P148,33612,277A,Globe-ing Inc.,JPX,JP,jpx_listed_securities,equity,common_equity_candidate,unresolved,,pass,,blocked_pending_provider_mapping,requires_eodhd_exchange_catalog_confirmation
P149,33702,2991,LANDNET Inc.,JPX,JP,jpx_listed_securities,equity,common_equity_candidate,unresolved,,pass,,blocked_pending_provider_mapping,requires_eodhd_exchange_catalog_confirmation
P150,33793,3157,GEOLIVE Group Corporation,JPX,JP,jpx_listed_securities,equity,common_equity_candidate,unresolved,,pass,,blocked_pending_provider_mapping,requires_eodhd_exchange_catalog_confirmation
P151,33884,3359,"cotta CO.,LTD",JPX,JP,jpx_listed_securities,equity,common_equity_candidate,unresolved,,pass,,blocked_pending_provider_mapping,requires_eodhd_exchange_catalog_confirmation
P152,33974,3542,"Vega corporation Co.,Ltd.",JPX,JP,jpx_listed_securities,equity,common_equity_candidate,unresolved,,pass,,blocked_pending_provider_mapping,requires_eodhd_exchange_catalog_confirmation
P153,34064,3697,SHIFT Inc.,JPX,JP,jpx_listed_securities,equity,common_equity_candidate,unresolved,,pass,,blocked_pending_provider_mapping,requires_eodhd_exchange_catalog_confirmation
P154,34155,3908,Collabos Corporation,JPX,JP,jpx_listed_securities,equity,common_equity_candidate,unresolved,,pass,,blocked_pending_provider_mapping,requires_eodhd_exchange_catalog_confirmation
P155,34245,4040,"NANKAI CHEMICAL COMPANY,LIMITED",JPX,JP,jpx_listed_securities,equity,common_equity_candidate,unresolved,,pass,,blocked_pending_provider_mapping,requires_eodhd_exchange_catalog_confirmation
P156,34335,4202,Daicel Corporation,JPX,JP,jpx_listed_securities,equity,common_equity_candidate,unresolved,,pass,,blocked_pending_provider_mapping,requires_eodhd_exchange_catalog_confirmation
P157,34425,4371,Core Concept Technologies Inc.,JPX,JP,jpx_listed_securities,equity,common_equity_candidate,unresolved,,pass,,blocked_pending_provider_mapping,requires_eodhd_exchange_catalog_confirmation
P158,34516,4490,VisasQ Inc.,JPX,JP,jpx_listed_securities,equity,common_equity_candidate,unresolved,,pass,,blocked_pending_provider_mapping,requires_eodhd_exchange_catalog_confirmation
P159,34606,4644,"Imagineer Co.,Ltd.",JPX,JP,jpx_listed_securities,equity,common_equity_candidate,unresolved,,pass,,blocked_pending_provider_mapping,requires_eodhd_exchange_catalog_confirmation
P160,34696,4828,Business Engineering Corporation,JPX,JP,jpx_listed_securities,equity,common_equity_candidate,unresolved,,pass,,blocked_pending_provider_mapping,requires_eodhd_exchange_catalog_confirmation
P161,34786,5031,Moi Corporation,JPX,JP,jpx_listed_securities,equity,common_equity_candidate,unresolved,,pass,,blocked_pending_provider_mapping,requires_eodhd_exchange_catalog_confirmation
P162,34877,5310,"TOYO TANSO CO.,LTD.",JPX,JP,jpx_listed_securities,equity,common_equity_candidate,unresolved,,pass,,blocked_pending_provider_mapping,requires_eodhd_exchange_catalog_confirmation
P163,34967,5632,"Mitsubishi Steel Mfg.Co.,Ltd.",JPX,JP,jpx_listed_securities,equity,common_equity_candidate,unresolved,,pass,,blocked_pending_provider_mapping,requires_eodhd_exchange_catalog_confirmation
P164,35057,5947,RINNAI CORPORATION,JPX,JP,jpx_listed_securities,equity,common_equity_candidate,unresolved,,pass,,blocked_pending_provider_mapping,requires_eodhd_exchange_catalog_confirmation
P165,35147,6098,"Recruit Holdings Co.,Ltd.",JPX,JP,jpx_listed_securities,equity,common_equity_candidate,unresolved,,pass,,blocked_pending_provider_mapping,requires_eodhd_exchange_catalog_confirmation
P166,35238,6269,"MODEC,INC.",JPX,JP,jpx_listed_securities,equity,common_equity_candidate,unresolved,,pass,,blocked_pending_provider_mapping,requires_eodhd_exchange_catalog_confirmation
P167,35328,6420,GALILEI CO.LTD.,JPX,JP,jpx_listed_securities,equity,common_equity_candidate,unresolved,,pass,,blocked_pending_provider_mapping,requires_eodhd_exchange_catalog_confirmation
P168,35418,6571,"QB Net Holdings Co.,Ltd.",JPX,JP,jpx_listed_securities,equity,common_equity_candidate,unresolved,,pass,,blocked_pending_provider_mapping,requires_eodhd_exchange_catalog_confirmation
P169,35508,6763,"Teikoku Tsushin Kogyo Co.,Ltd.",JPX,JP,jpx_listed_securities,equity,common_equity_candidate,unresolved,,pass,,blocked_pending_provider_mapping,requires_eodhd_exchange_catalog_confirmation
P170,35599,6946,"Nippon Avionics Co.,Ltd.",JPX,JP,jpx_listed_securities,equity,common_equity_candidate,unresolved,,pass,,blocked_pending_provider_mapping,requires_eodhd_exchange_catalog_confirmation
P171,35689,7094,NexTone Inc.,JPX,JP,jpx_listed_securities,equity,common_equity_candidate,unresolved,,pass,,blocked_pending_provider_mapping,requires_eodhd_exchange_catalog_confirmation
P172,35779,7272,"Yamaha Motor Co.,Ltd.",JPX,JP,jpx_listed_securities,equity,common_equity_candidate,unresolved,,pass,,blocked_pending_provider_mapping,requires_eodhd_exchange_catalog_confirmation
P173,35869,7460,"YAGI & CO.,LTD.",JPX,JP,jpx_listed_securities,equity,common_equity_candidate,unresolved,,pass,,blocked_pending_provider_mapping,requires_eodhd_exchange_catalog_confirmation
P174,35960,7638,"NEW ART HOLDINGS Co.,Ltd.",JPX,JP,jpx_listed_securities,equity,common_equity_candidate,unresolved,,pass,,blocked_pending_provider_mapping,requires_eodhd_exchange_catalog_confirmation
P175,36050,7823,ARTNATURE INC.,JPX,JP,jpx_listed_securities,equity,common_equity_candidate,unresolved,,pass,,blocked_pending_provider_mapping,requires_eodhd_exchange_catalog_confirmation
P176,36140,7984,"KOKUYO CO.,LTD.",JPX,JP,jpx_listed_securities,equity,common_equity_candidate,unresolved,,pass,,blocked_pending_provider_mapping,requires_eodhd_exchange_catalog_confirmation
P177,36230,8135,ZETT CORPORATION,JPX,JP,jpx_listed_securities,equity,common_equity_candidate,unresolved,,pass,,blocked_pending_provider_mapping,requires_eodhd_exchange_catalog_confirmation
P178,36322,8381,"The San-in Godo Bank,Ltd.",JPX,JP,jpx_listed_securities,equity,common_equity_candidate,unresolved,,pass,,blocked_pending_provider_mapping,requires_eodhd_exchange_catalog_confirmation
P179,36413,8848,LEOPALACE21 CORPORATION,JPX,JP,jpx_listed_securities,equity,common_equity_candidate,unresolved,,pass,,blocked_pending_provider_mapping,requires_eodhd_exchange_catalog_confirmation
P180,36503,9107,"Kawasaki Kisen Kaisha,Ltd.",JPX,JP,jpx_listed_securities,equity,common_equity_candidate,unresolved,,pass,,blocked_pending_provider_mapping,requires_eodhd_exchange_catalog_confirmation
P181,36593,9327,"e-LogiT co.,ltd.",JPX,JP,jpx_listed_securities,equity,common_equity_candidate,unresolved,,pass,,blocked_pending_provider_mapping,requires_eodhd_exchange_catalog_confirmation
P182,36684,9537,"HOKURIKU GAS CO.,LTD.",JPX,JP,jpx_listed_securities,equity,common_equity_candidate,unresolved,,pass,,blocked_pending_provider_mapping,requires_eodhd_exchange_catalog_confirmation
P183,36774,9769,"GAKKYUSHA CO.,LTD.",JPX,JP,jpx_listed_securities,equity,common_equity_candidate,unresolved,,pass,,blocked_pending_provider_mapping,requires_eodhd_exchange_catalog_confirmation
P184,36864,9997,"BELLUNA CO.,LTD.",JPX,JP,jpx_listed_securities,equity,common_equity_candidate,unresolved,,pass,,blocked_pending_provider_mapping,requires_eodhd_exchange_catalog_confirmation
P185,6,AAL,"American Airlines Group, Inc. - Common Stock",NASDAQ,USA,nasdaq_trader_nasdaqlisted,COMMON_STOCK,common_equity_candidate,resolved_deterministic,AAL.US,pass,,ready_pending_authorized_api_token,official_unified_us_exchange_code
P186,103,AIFA,"All In FutureTech Alliance, Inc. - Common Stock",NASDAQ,USA,nasdaq_trader_nasdaqlisted,COMMON_STOCK,common_equity_candidate,resolved_deterministic,AIFA.US,pass,,ready_pending_authorized_api_token,official_unified_us_exchange_code
P187,199,ANY,Sphere 3D Corp. - Common Shares,NASDAQ,USA,nasdaq_trader_nasdaqlisted,COMMON_STOCK,common_equity_candidate,resolved_deterministic,ANY.US,pass,,ready_pending_authorized_api_token,official_unified_us_exchange_code
P188,296,AUID,authID Inc. - Common Stock,NASDAQ,USA,nasdaq_trader_nasdaqlisted,COMMON_STOCK,common_equity_candidate,resolved_deterministic,AUID.US,pass,,ready_pending_authorized_api_token,official_unified_us_exchange_code
P189,397,BJDX,"Bluejay Diagnostics, Inc. - Common Stock",NASDAQ,USA,nasdaq_trader_nasdaqlisted,COMMON_STOCK,common_equity_candidate,resolved_deterministic,BJDX.US,pass,,ready_pending_authorized_api_token,official_unified_us_exchange_code
P190,496,BYSI,"BeyondSpring, Inc. - Ordinary Shares",NASDAQ,USA,nasdaq_trader_nasdaqlisted,COMMON_STOCK,common_equity_candidate,resolved_deterministic,BYSI.US,pass,,ready_pending_authorized_api_token,official_unified_us_exchange_code
P191,593,CG,The Carlyle Group Inc. - Common Stock,NASDAQ,USA,nasdaq_trader_nasdaqlisted,COMMON_STOCK,common_equity_candidate,resolved_deterministic,CG.US,pass,,ready_pending_authorized_api_token,official_unified_us_exchange_code
P192,693,COKE,"Coca-Cola Consolidated, Inc. - Common Stock",NASDAQ,USA,nasdaq_trader_nasdaqlisted,COMMON_STOCK,common_equity_candidate,resolved_deterministic,COKE.US,pass,,ready_pending_authorized_api_token,official_unified_us_exchange_code
P193,792,CXAI,CXApp Inc. - Class A Common Stock,NASDAQ,USA,nasdaq_trader_nasdaqlisted,COMMON_STOCK,common_equity_candidate,resolved_deterministic,CXAI.US,pass,,ready_pending_authorized_api_token,official_unified_us_exchange_code
P194,891,DUOL,"Duolingo, Inc. - Class A Common Stock",NASDAQ,USA,nasdaq_trader_nasdaqlisted,COMMON_STOCK,common_equity_candidate,resolved_deterministic,DUOL.US,pass,,ready_pending_authorized_api_token,official_unified_us_exchange_code
P195,986,ESLA,"Estrella Immunopharma, Inc. - Common Stock",NASDAQ,USA,nasdaq_trader_nasdaqlisted,COMMON_STOCK,common_equity_candidate,resolved_deterministic,ESLA.US,pass,,ready_pending_authorized_api_token,official_unified_us_exchange_code
P196,1084,FIVN,"Five9, Inc. - Common Stock",NASDAQ,USA,nasdaq_trader_nasdaqlisted,COMMON_STOCK,common_equity_candidate,resolved_deterministic,FIVN.US,pass,,ready_pending_authorized_api_token,official_unified_us_exchange_code
P197,1181,GASS,"StealthGas, Inc. - common stock",NASDAQ,USA,nasdaq_trader_nasdaqlisted,COMMON_STOCK,common_equity_candidate,resolved_deterministic,GASS.US,pass,,ready_pending_authorized_api_token,official_unified_us_exchange_code
P198,1280,GSIW,Garden Stage Limited - Class A Ordinary Shares,NASDAQ,USA,nasdaq_trader_nasdaqlisted,COMMON_STOCK,common_equity_candidate,resolved_deterministic,GSIW.US,pass,,ready_pending_authorized_api_token,official_unified_us_exchange_code
P199,1380,HSTM,"HealthStream, Inc. - Common Stock",NASDAQ,USA,nasdaq_trader_nasdaqlisted,COMMON_STOCK,common_equity_candidate,resolved_deterministic,HSTM.US,pass,,ready_pending_authorized_api_token,official_unified_us_exchange_code
P200,1479,INGN,"Inogen, Inc - Common Stock",NASDAQ,USA,nasdaq_trader_nasdaqlisted,COMMON_STOCK,common_equity_candidate,resolved_deterministic,INGN.US,pass,,ready_pending_authorized_api_token,official_unified_us_exchange_code
P201,1576,JTAI,Jet.AI Inc. - Common Stock,NASDAQ,USA,nasdaq_trader_nasdaqlisted,COMMON_STOCK,common_equity_candidate,resolved_deterministic,JTAI.US,pass,,ready_pending_authorized_api_token,official_unified_us_exchange_code
P202,1676,LCNB,LCNB Corporation - Common Stock,NASDAQ,USA,nasdaq_trader_nasdaqlisted,COMMON_STOCK,common_equity_candidate,resolved_deterministic,LCNB.US,pass,,ready_pending_authorized_api_token,official_unified_us_exchange_code
P203,1773,LULU,lululemon athletica inc. - Common Stock,NASDAQ,USA,nasdaq_trader_nasdaqlisted,COMMON_STOCK,common_equity_candidate,resolved_deterministic,LULU.US,pass,,ready_pending_authorized_api_token,official_unified_us_exchange_code
P204,1873,MIST,Milestone Pharmaceuticals Inc. - Common Shares,NASDAQ,USA,nasdaq_trader_nasdaqlisted,COMMON_STOCK,common_equity_candidate,resolved_deterministic,MIST.US,pass,,ready_pending_authorized_api_token,official_unified_us_exchange_code
P205,1969,NAMS,NewAmsterdam Pharma Company N.V. - Ordinary Shares,NASDAQ,USA,nasdaq_trader_nasdaqlisted,COMMON_STOCK,common_equity_candidate,resolved_deterministic,NAMS.US,pass,,ready_pending_authorized_api_token,official_unified_us_exchange_code
P206,2065,NTRA,"Natera, Inc. - Common Stock",NASDAQ,USA,nasdaq_trader_nasdaqlisted,COMMON_STOCK,common_equity_candidate,resolved_deterministic,NTRA.US,pass,,ready_pending_authorized_api_token,official_unified_us_exchange_code
P207,2167,OPK,"Opko Health, Inc. - Common Stock",NASDAQ,USA,nasdaq_trader_nasdaqlisted,COMMON_STOCK,common_equity_candidate,resolved_deterministic,OPK.US,pass,,ready_pending_authorized_api_token,official_unified_us_exchange_code
P208,2268,PGC,Peapack-Gladstone Financial Corporation - Common Stock,NASDAQ,USA,nasdaq_trader_nasdaqlisted,ADR,depositary_receipt_candidate,resolved_deterministic,PGC.US,pass,,ready_pending_authorized_api_token,official_unified_us_exchange_code
P209,2364,PSNL,"Personalis, Inc. - Common Stock",NASDAQ,USA,nasdaq_trader_nasdaqlisted,COMMON_STOCK,common_equity_candidate,resolved_deterministic,PSNL.US,pass,,ready_pending_authorized_api_token,official_unified_us_exchange_code
P210,2465,REKR,"Rekor Systems, Inc. - Common Stock",NASDAQ,USA,nasdaq_trader_nasdaqlisted,COMMON_STOCK,common_equity_candidate,resolved_deterministic,REKR.US,pass,,ready_pending_authorized_api_token,official_unified_us_exchange_code
P211,2563,SAIA,"Saia, Inc. - Common Stock",NASDAQ,USA,nasdaq_trader_nasdaqlisted,COMMON_STOCK,common_equity_candidate,resolved_deterministic,SAIA.US,pass,,ready_pending_authorized_api_token,official_unified_us_exchange_code
P212,2659,SKK,SKK Holdings Limited - Class A Ordinary Shares,NASDAQ,USA,nasdaq_trader_nasdaqlisted,COMMON_STOCK,common_equity_candidate,resolved_deterministic,SKK.US,pass,,ready_pending_authorized_api_token,official_unified_us_exchange_code
P213,2758,SSRM,SSR Mining Inc. - Common Stock,NASDAQ,USA,nasdaq_trader_nasdaqlisted,COMMON_STOCK,common_equity_candidate,resolved_deterministic,SSRM.US,pass,,ready_pending_authorized_api_token,official_unified_us_exchange_code
P214,2864,TH,Target Hospitality Corp. - Common Stock,NASDAQ,USA,nasdaq_trader_nasdaqlisted,COMMON_STOCK,common_equity_candidate,resolved_deterministic,TH.US,pass,,ready_pending_authorized_api_token,official_unified_us_exchange_code
P215,2958,TWLV,Twelve Seas Investment Company III - Class A Ordinary Shares,NASDAQ,USA,nasdaq_trader_nasdaqlisted,COMMON_STOCK,common_equity_candidate,resolved_deterministic,TWLV.US,pass,,ready_pending_authorized_api_token,official_unified_us_exchange_code
P216,3050,VKTX,"Viking Therapeutics, Inc. - Common Stock",NASDAQ,USA,nasdaq_trader_nasdaqlisted,COMMON_STOCK,common_equity_candidate,resolved_deterministic,VKTX.US,pass,,ready_pending_authorized_api_token,official_unified_us_exchange_code
P217,3148,WSE,Wise Group plc - Class A Ordinary Shares,NASDAQ,USA,nasdaq_trader_nasdaqlisted,COMMON_STOCK,common_equity_candidate,resolved_deterministic,WSE.US,pass,,ready_pending_authorized_api_token,official_unified_us_exchange_code
P218,3245,ZYME,Zymeworks Inc. - Common Stock,NASDAQ,USA,nasdaq_trader_nasdaqlisted,COMMON_STOCK,common_equity_candidate,resolved_deterministic,ZYME.US,pass,,ready_pending_authorized_api_token,official_unified_us_exchange_code
P219,3665,CBOE,"Cboe Global Markets, Inc. Common Stock",Cboe BZX,USA,nasdaq_trader_otherlisted,COMMON_STOCK,common_equity_candidate,resolved_deterministic,CBOE.US,pass,,ready_pending_authorized_api_token,official_unified_us_exchange_code
P220,3362,AMRZ,Amrize Ltd Ordinary Shares,NYSE,USA,nasdaq_trader_otherlisted,COMMON_STOCK,common_equity_candidate,resolved_deterministic,AMRZ.US,pass,,ready_pending_authorized_api_token,official_unified_us_exchange_code
P221,3481,BBAI,"BigBear.ai, Inc. Common Stock",NYSE,USA,nasdaq_trader_otherlisted,COMMON_STOCK,common_equity_candidate,resolved_deterministic,BBAI.US,pass,,ready_pending_authorized_api_token,official_unified_us_exchange_code
P222,3611,BTE,Baytex Energy Corp Common Shares,NYSE,USA,nasdaq_trader_otherlisted,COMMON_STOCK,common_equity_candidate,resolved_deterministic,BTE.US,pass,,ready_pending_authorized_api_token,official_unified_us_exchange_code
P223,3742,CNC,Centene Corporation Common Stock,NYSE,USA,nasdaq_trader_otherlisted,COMMON_STOCK,common_equity_candidate,resolved_deterministic,CNC.US,pass,,ready_pending_authorized_api_token,official_unified_us_exchange_code
P224,3853,DCH,Dauch Corporation Common Stock,NYSE,USA,nasdaq_trader_otherlisted,COMMON_STOCK,common_equity_candidate,resolved_deterministic,DCH.US,pass,,ready_pending_authorized_api_token,official_unified_us_exchange_code
P225,3984,EMR,Emerson Electric Company Common Stock,NYSE,USA,nasdaq_trader_otherlisted,COMMON_STOCK,common_equity_candidate,resolved_deterministic,EMR.US,pass,,ready_pending_authorized_api_token,official_unified_us_exchange_code
P226,4128,FSK,FS KKR Capital Corp. Common Stock,NYSE,USA,nasdaq_trader_otherlisted,COMMON_STOCK,common_equity_candidate,resolved_deterministic,FSK.US,pass,,ready_pending_authorized_api_token,official_unified_us_exchange_code
P227,4271,HAYW,"Hayward Holdings, Inc. Common Stock",NYSE,USA,nasdaq_trader_otherlisted,COMMON_STOCK,common_equity_candidate,resolved_deterministic,HAYW.US,pass,,ready_pending_authorized_api_token,official_unified_us_exchange_code
P228,4406,IT,"Gartner, Inc. Common Stock",NYSE,USA,nasdaq_trader_otherlisted,COMMON_STOCK,common_equity_candidate,resolved_deterministic,IT.US,pass,,ready_pending_authorized_api_token,official_unified_us_exchange_code
P229,4536,LII,"Lennox International, Inc. Common Stock",NYSE,USA,nasdaq_trader_otherlisted,COMMON_STOCK,common_equity_candidate,resolved_deterministic,LII.US,pass,,ready_pending_authorized_api_token,official_unified_us_exchange_code
P230,4657,MOG.B,Moog Inc. Class B Common Stock,NYSE,USA,nasdaq_trader_otherlisted,COMMON_STOCK,common_equity_candidate,resolved_deterministic,MOG-B.US,pass,,ready_pending_authorized_api_token,official_unified_us_exchange_code
P231,4820,NTZ,"Natuzzi, S.p.A.",NYSE,USA,nasdaq_trader_otherlisted,COMMON_STOCK,common_equity_candidate,resolved_deterministic,NTZ.US,pass,,ready_pending_authorized_api_token,official_unified_us_exchange_code
P232,4950,PEN,"Penumbra, Inc. Common Stock",NYSE,USA,nasdaq_trader_otherlisted,COMMON_STOCK,common_equity_candidate,resolved_deterministic,PEN.US,pass,,ready_pending_authorized_api_token,official_unified_us_exchange_code
P233,5088,RH,RH Common Stock,NYSE,USA,nasdaq_trader_otherlisted,COMMON_STOCK,common_equity_candidate,resolved_deterministic,RH.US,pass,,ready_pending_authorized_api_token,official_unified_us_exchange_code
P234,5221,SLVM,Sylvamo Corporation Common Stock,NYSE,USA,nasdaq_trader_otherlisted,COMMON_STOCK,common_equity_candidate,resolved_deterministic,SLVM.US,pass,,ready_pending_authorized_api_token,official_unified_us_exchange_code
P235,5333,TECK,Teck Resources Ltd Ordinary Shares,NYSE,USA,nasdaq_trader_otherlisted,COMMON_STOCK,common_equity_candidate,resolved_deterministic,TECK.US,pass,,ready_pending_authorized_api_token,official_unified_us_exchange_code
P236,5454,UI,Ubiquiti Inc. Common Stock,NYSE,USA,nasdaq_trader_otherlisted,COMMON_STOCK,common_equity_candidate,resolved_deterministic,UI.US,pass,,ready_pending_authorized_api_token,official_unified_us_exchange_code
P237,5585,WOLF,"Wolfspeed, Inc. Common Stock New",NYSE,USA,nasdaq_trader_otherlisted,COMMON_STOCK,common_equity_candidate,resolved_deterministic,WOLF.US,pass,,ready_pending_authorized_api_token,official_unified_us_exchange_code
P238,3732,CMCL,Caledonia Mining Corporation Plc Common Shares,NYSE American,USA,nasdaq_trader_otherlisted,COMMON_STOCK,common_equity_candidate,resolved_deterministic,CMCL.US,pass,,ready_pending_authorized_api_token,official_unified_us_exchange_code
P239,4719,MYO,Myomo Inc. Common Stock,NYSE American,USA,nasdaq_trader_otherlisted,COMMON_STOCK,common_equity_candidate,resolved_deterministic,MYO.US,pass,,ready_pending_authorized_api_token,official_unified_us_exchange_code
P240,5645,ZONE,CleanCore Solutions Inc. Class B Common Stock,NYSE American,USA,nasdaq_trader_otherlisted,COMMON_STOCK,common_equity_candidate,resolved_deterministic,ZONE.US,pass,,ready_pending_authorized_api_token,official_unified_us_exchange_code
